clones,parameter,fitting_model,estimate_median,estimate_lower,estimate_upper,estimate_variance,Rhat,error,true_value,generating_model,min_S,alpha,sigma,Smsy,K,alpha_estimate,sigma_estimate,Smsy_estimate,K_estimate
1,K,Beverton-Holt,14277.65,7589.53,83662.35,723540397.4075,1.01,42.77649999999999,10000,Beverton-Holt,1202.451331276159,1.1,1.1,3658.6440898919936,10000,0.72,1.22,5704.9,14277.65
1,Smsy,Beverton-Holt,5704.9,2381.7,37837.19,150833882.594,1.029,55.929351416317,3658.6440898919936,Beverton-Holt,1202.451331276159,1.1,1.1,3658.6440898919936,10000,0.72,1.22,5704.9,14277.65
1,alpha,Beverton-Holt,0.72,0.15,2.13,0.2452,1.052,-34.545454545454554,1.1,Beverton-Holt,1202.451331276159,1.1,1.1,3658.6440898919936,10000,0.72,1.22,5704.9,14277.65
1,sigma,Beverton-Holt,1.22,1.05,1.44,0.0105,1.02,10.9090909090909,1.1,Beverton-Holt,1202.451331276159,1.1,1.1,3658.6440898919936,10000,0.72,1.22,5704.9,14277.65
1,K,Beverton-Holt,5506.36,3387.24,9962.87,3526264.5121,1.003,-44.936400000000006,10000,Ricker,1085.482198065044,1.1,1.1,4257.348911099839,10000,2.67,1.19,1082.66,5506.36
1,Smsy,Beverton-Holt,1082.66,46,4149.03,1530882.2915,1.001,-74.56962014136852,4257.348911099839,Ricker,1085.482198065044,1.1,1.1,4257.348911099839,10000,2.67,1.19,1082.66,5506.36
1,alpha,Beverton-Holt,2.67,0.23,9.5,8.0915,1.001,142.7272727272727,1.1,Ricker,1085.482198065044,1.1,1.1,4257.348911099839,10000,2.67,1.19,1082.66,5506.36
1,sigma,Beverton-Holt,1.19,1,1.46,0.0143,1.02,8.181818181818167,1.1,Ricker,1085.482198065044,1.1,1.1,4257.348911099839,10000,2.67,1.19,1082.66,5506.36
1,K,Ricker,19056.65,8017.21,66590.77,329713461.7617,1.002,90.5665,10000,Beverton-Holt,1202.451331276159,1.1,1.1,3658.6440898919936,10000,0.46,1.24,8872.29,19056.65
1,Smsy,Ricker,8872.29,3930.78,31667.39,73724387.2,1.002,142.50213417894713,3658.6440898919936,Beverton-Holt,1202.451331276159,1.1,1.1,3658.6440898919936,10000,0.46,1.24,8872.29,19056.65
1,alpha,Ricker,0.46,0.13,0.85,0.0343,1.006,-58.18181818181819,1.1,Beverton-Holt,1202.451331276159,1.1,1.1,3658.6440898919936,10000,0.46,1.24,8872.29,19056.65
1,sigma,Ricker,1.24,1.07,1.47,0.0105,1.002,12.727272727272716,1.1,Beverton-Holt,1202.451331276159,1.1,1.1,3658.6440898919936,10000,0.46,1.24,8872.29,19056.65
1,K,Ricker,6932.49,1659.07,13116.86,7962664.1678,1.002,-30.6751,10000,Ricker,1085.482198065044,1.1,1.1,4257.348911099839,10000,0.5,1.21,3183.82,6932.49
1,Smsy,Ricker,3183.82,820.26,6050.83,1643698.4955,1.002,-25.21590157435568,4257.348911099839,Ricker,1085.482198065044,1.1,1.1,4257.348911099839,10000,0.5,1.21,3183.82,6932.49
1,alpha,Ricker,0.5,0.07,1.01,0.0591,1.004,-54.54545454545455,1.1,Ricker,1085.482198065044,1.1,1.1,4257.348911099839,10000,0.5,1.21,3183.82,6932.49
1,sigma,Ricker,1.21,1.01,1.5,0.016,1.002,9.999999999999988,1.1,Ricker,1085.482198065044,1.1,1.1,4257.348911099839,10000,0.5,1.21,3183.82,6932.49
2,K,Beverton-Holt,13039.2,8136.74,38937.45,100076113.9624,1.014,30.392000000000007,10000,Beverton-Holt,1202.451331276159,1.1,1.1,3658.6440898919936,10000,0.82,1.21,5085.63,13039.2
2,Smsy,Beverton-Holt,5085.63,2386.98,17629.43,22230441.7248,1.034,39.0031354525696,3658.6440898919936,Beverton-Holt,1202.451331276159,1.1,1.1,3658.6440898919936,10000,0.82,1.21,5085.63,13039.2
2,alpha,Beverton-Holt,0.82,0.26,2.17,0.2381,1.053,-25.454545454545464,1.1,Beverton-Holt,1202.451331276159,1.1,1.1,3658.6440898919936,10000,0.82,1.21,5085.63,13039.2
2,sigma,Beverton-Holt,1.21,1.07,1.38,0.0063,1.014,9.999999999999988,1.1,Beverton-Holt,1202.451331276159,1.1,1.1,3658.6440898919936,10000,0.82,1.21,5085.63,13039.2
2,K,Beverton-Holt,5486.62,3862.48,8962.66,2614803.0984,1.001,-45.1338,10000,Ricker,1085.482198065044,1.1,1.1,4257.348911099839,10000,2.24,1.18,1306.82,5486.62
2,Smsy,Beverton-Holt,1306.82,45.9,3688.6,1350043.8812,1.002,-69.30437163388618,4257.348911099839,Ricker,1085.482198065044,1.1,1.1,4257.348911099839,10000,2.24,1.18,1306.82,5486.62
2,alpha,Beverton-Holt,2.24,0.29,9.46,7.5658,1.003,103.63636363636364,1.1,Ricker,1085.482198065044,1.1,1.1,4257.348911099839,10000,2.24,1.18,1306.82,5486.62
2,sigma,Beverton-Holt,1.18,1.02,1.4,0.0095,1.001,7.272727272727258,1.1,Ricker,1085.482198065044,1.1,1.1,4257.348911099839,10000,2.24,1.18,1306.82,5486.62
2,K,Ricker,19278.2,10194.04,56794.96,219053329.5301,1.002,92.78200000000001,10000,Beverton-Holt,1202.451331276159,1.1,1.1,3658.6440898919936,10000,0.46,1.23,8988.66,19278.2
2,Smsy,Ricker,8988.66,4897.89,26991.54,49814547.2411,1.002,145.68282071583937,3658.6440898919936,Beverton-Holt,1202.451331276159,1.1,1.1,3658.6440898919936,10000,0.46,1.23,8988.66,19278.2
2,alpha,Ricker,0.46,0.18,0.78,0.0244,1.002,-58.18181818181819,1.1,Beverton-Holt,1202.451331276159,1.1,1.1,3658.6440898919936,10000,0.46,1.23,8988.66,19278.2
2,sigma,Ricker,1.23,1.09,1.42,0.0069,1.001,11.818181818181808,1.1,Beverton-Holt,1202.451331276159,1.1,1.1,3658.6440898919936,10000,0.46,1.23,8988.66,19278.2
2,K,Ricker,6843.79,2791.78,11383.7,4768971.6124,1.001,-31.5621,10000,Ricker,1085.482198065044,1.1,1.1,4257.348911099839,10000,0.5,1.2,3175.14,6843.79
2,Smsy,Ricker,3175.14,1367.72,5269.38,971089.3827,1.001,-25.419784323485537,4257.348911099839,Ricker,1085.482198065044,1.1,1.1,4257.348911099839,10000,0.5,1.2,3175.14,6843.79
2,alpha,Ricker,0.5,0.13,0.91,0.0404,1.004,-54.54545454545455,1.1,Ricker,1085.482198065044,1.1,1.1,4257.348911099839,10000,0.5,1.2,3175.14,6843.79
2,sigma,Ricker,1.2,1.04,1.42,0.0094,1.001,9.090909090909078,1.1,Ricker,1085.482198065044,1.1,1.1,4257.348911099839,10000,0.5,1.2,3175.14,6843.79
3,K,Beverton-Holt,12670.05,8574.95,30033.15,45899992.9524,1.004,26.700499999999995,10000,Beverton-Holt,1202.451331276159,1.1,1.1,3658.6440898919936,10000,0.9,1.2,4869.31,12670.05
3,Smsy,Beverton-Holt,4869.31,2637.63,13329.48,10444818.4662,1.011,33.090562524318855,3658.6440898919936,Beverton-Holt,1202.451331276159,1.1,1.1,3658.6440898919936,10000,0.9,1.2,4869.31,12670.05
3,alpha,Beverton-Holt,0.9,0.32,2,0.1671,1.014,-18.181818181818187,1.1,Beverton-Holt,1202.451331276159,1.1,1.1,3658.6440898919936,10000,0.9,1.2,4869.31,12670.05
3,sigma,Beverton-Holt,1.2,1.08,1.35,0.0045,1.002,9.090909090909078,1.1,Beverton-Holt,1202.451331276159,1.1,1.1,3658.6440898919936,10000,0.9,1.2,4869.31,12670.05
3,K,Beverton-Holt,5440.3,4061.58,7828.22,940134.2544,1.002,-45.597,10000,Ricker,1085.482198065044,1.1,1.1,4257.348911099839,10000,2.08,1.17,1393.22,5440.3
3,Smsy,Beverton-Holt,1393.22,47.3,3064.15,811477.366,1.004,-67.27493966098076,4257.348911099839,Ricker,1085.482198065044,1.1,1.1,4257.348911099839,10000,2.08,1.17,1393.22,5440.3
3,alpha,Beverton-Holt,2.08,0.47,9.4,6.9408,1.003,89.09090909090908,1.1,Ricker,1085.482198065044,1.1,1.1,4257.348911099839,10000,2.08,1.17,1393.22,5440.3
3,sigma,Beverton-Holt,1.17,1.03,1.35,0.0065,1.002,6.363636363636348,1.1,Ricker,1085.482198065044,1.1,1.1,4257.348911099839,10000,2.08,1.17,1393.22,5440.3
3,K,Ricker,19197.45,11180.21,52935.79,269009040.6806,1.004,91.9745,10000,Beverton-Holt,1202.451331276159,1.1,1.1,3658.6440898919936,10000,0.46,1.23,8964.67,19197.45
3,Smsy,Ricker,8964.67,5319.2,25122.22,61897669.0521,1.004,145.027113316853,3658.6440898919936,Beverton-Holt,1202.451331276159,1.1,1.1,3658.6440898919936,10000,0.46,1.23,8964.67,19197.45
3,alpha,Ricker,0.46,0.2,0.75,0.0197,1.006,-58.18181818181819,1.1,Beverton-Holt,1202.451331276159,1.1,1.1,3658.6440898919936,10000,0.46,1.23,8964.67,19197.45
3,sigma,Ricker,1.23,1.11,1.38,0.0049,1.004,11.818181818181808,1.1,Beverton-Holt,1202.451331276159,1.1,1.1,3658.6440898919936,10000,0.46,1.23,8964.67,19197.45
3,K,Ricker,6862.74,3203.6,10780.68,3509104.8428,1.001,-31.3726,10000,Ricker,1085.482198065044,1.1,1.1,4257.348911099839,10000,0.49,1.2,3188.71,6862.74
3,Smsy,Ricker,3188.71,1568.38,4977.84,712480.9598,1.001,-25.101041362000274,4257.348911099839,Ricker,1085.482198065044,1.1,1.1,4257.348911099839,10000,0.49,1.2,3188.71,6862.74
3,alpha,Ricker,0.49,0.15,0.85,0.0326,1.002,-55.45454545454545,1.1,Ricker,1085.482198065044,1.1,1.1,4257.348911099839,10000,0.49,1.2,3188.71,6862.74
3,sigma,Ricker,1.2,1.05,1.37,0.0068,1.001,9.090909090909078,1.1,Ricker,1085.482198065044,1.1,1.1,4257.348911099839,10000,0.49,1.2,3188.71,6862.74
4,K,Beverton-Holt,12372.4,8757.61,23682.1,24045176.2711,1.002,23.723999999999997,10000,Beverton-Holt,1202.451331276159,1.1,1.1,3658.6440898919936,10000,0.93,1.2,4733.77,12372.4
4,Smsy,Beverton-Holt,4733.77,2845.62,10242.32,5644515.0993,1.004,29.38591138390139,3658.6440898919936,Beverton-Holt,1202.451331276159,1.1,1.1,3658.6440898919936,10000,0.93,1.2,4733.77,12372.4
4,alpha,Beverton-Holt,0.93,0.4,1.76,0.1167,1.004,-15.454545454545457,1.1,Beverton-Holt,1202.451331276159,1.1,1.1,3658.6440898919936,10000,0.93,1.2,4733.77,12372.4
4,sigma,Beverton-Holt,1.2,1.09,1.33,0.004,1.001,9.090909090909078,1.1,Beverton-Holt,1202.451331276159,1.1,1.1,3658.6440898919936,10000,0.93,1.2,4733.77,12372.4
4,K,Beverton-Holt,5454.52,4205.76,7563.55,796048.4783,1.001,-45.45479999999999,10000,Ricker,1085.482198065044,1.1,1.1,4257.348911099839,10000,1.88,1.17,1512.43,5454.52
4,Smsy,Beverton-Holt,1512.43,47.16,2920.95,746231.4216,1.002,-64.47484029188294,4257.348911099839,Ricker,1085.482198065044,1.1,1.1,4257.348911099839,10000,1.88,1.17,1512.43,5454.52
4,alpha,Beverton-Holt,1.88,0.53,9.39,6.3924,1.002,70.90909090909089,1.1,Ricker,1085.482198065044,1.1,1.1,4257.348911099839,10000,1.88,1.17,1512.43,5454.52
4,sigma,Beverton-Holt,1.17,1.04,1.33,0.0051,1.001,6.363636363636348,1.1,Ricker,1085.482198065044,1.1,1.1,4257.348911099839,10000,1.88,1.17,1512.43,5454.52
4,K,Ricker,19060.25,11835.01,44315.06,88625166.4954,1.001,90.6025,10000,Beverton-Holt,1202.451331276159,1.1,1.1,3658.6440898919936,10000,0.46,1.23,8914.31,19060.25
4,Smsy,Ricker,8914.31,5629.51,21103.11,20290545.1749,1.001,143.65064709705496,3658.6440898919936,Beverton-Holt,1202.451331276159,1.1,1.1,3658.6440898919936,10000,0.46,1.23,8914.31,19060.25
4,alpha,Ricker,0.46,0.23,0.73,0.0166,1.002,-58.18181818181819,1.1,Beverton-Holt,1202.451331276159,1.1,1.1,3658.6440898919936,10000,0.46,1.23,8914.31,19060.25
4,sigma,Ricker,1.23,1.11,1.36,0.004,1.002,11.818181818181808,1.1,Beverton-Holt,1202.451331276159,1.1,1.1,3658.6440898919936,10000,0.46,1.23,8914.31,19060.25
4,K,Ricker,6828.62,3255.11,10258.74,3005912.7796,1,-31.7138,10000,Ricker,1085.482198065044,1.1,1.1,4257.348911099839,10000,0.48,1.19,3178.43,6828.62
4,Smsy,Ricker,3178.43,1579.99,4768.21,608984.2734,1,-25.342506184702447,4257.348911099839,Ricker,1085.482198065044,1.1,1.1,4257.348911099839,10000,0.48,1.19,3178.43,6828.62
4,alpha,Ricker,0.48,0.15,0.8,0.0279,1.001,-56.363636363636374,1.1,Ricker,1085.482198065044,1.1,1.1,4257.348911099839,10000,0.48,1.19,3178.43,6828.62
4,sigma,Ricker,1.19,1.07,1.35,0.0055,1.001,8.181818181818167,1.1,Ricker,1085.482198065044,1.1,1.1,4257.348911099839,10000,0.48,1.19,3178.43,6828.62
5,K,Beverton-Holt,12161.1,8857.94,20477.53,10583983.5385,1.001,21.611000000000004,10000,Beverton-Holt,1202.451331276159,1.1,1.1,3658.6440898919936,10000,0.95,1.2,4627.27,12161.1
5,Smsy,Beverton-Holt,4627.27,2831.73,8731.28,2582605.8518,1.002,26.474996919872616,3658.6440898919936,Beverton-Holt,1202.451331276159,1.1,1.1,3658.6440898919936,10000,0.95,1.2,4627.27,12161.1
5,alpha,Beverton-Holt,0.95,0.47,1.74,0.1167,1.004,-13.636363636363647,1.1,Beverton-Holt,1202.451331276159,1.1,1.1,3658.6440898919936,10000,0.95,1.2,4627.27,12161.1
5,sigma,Beverton-Holt,1.2,1.1,1.32,0.0031,1,9.090909090909078,1.1,Beverton-Holt,1202.451331276159,1.1,1.1,3658.6440898919936,10000,0.95,1.2,4627.27,12161.1
5,K,Beverton-Holt,5454.74,4298.37,7431.76,662811.326,1.001,-45.4526,10000,Ricker,1085.482198065044,1.1,1.1,4257.348911099839,10000,1.77,1.17,1574.43,5454.74
5,Smsy,Beverton-Holt,1574.43,49.68,2879.55,685536.415,1.004,-63.018534940955455,4257.348911099839,Ricker,1085.482198065044,1.1,1.1,4257.348911099839,10000,1.77,1.17,1574.43,5454.74
5,alpha,Beverton-Holt,1.77,0.54,9.28,6.0561,1.003,60.90909090909091,1.1,Ricker,1085.482198065044,1.1,1.1,4257.348911099839,10000,1.77,1.17,1574.43,5454.74
5,sigma,Beverton-Holt,1.17,1.05,1.31,0.0043,1.003,6.363636363636348,1.1,Ricker,1085.482198065044,1.1,1.1,4257.348911099839,10000,1.77,1.17,1574.43,5454.74
5,K,Ricker,19099.9,12447.37,39419.86,70154745.4191,1.001,90.99900000000001,10000,Beverton-Holt,1202.451331276159,1.1,1.1,3658.6440898919936,10000,0.46,1.22,8942.39,19099.9
5,Smsy,Ricker,8942.39,5925.01,18723.8,16097173.6801,1.001,144.4181445444721,3658.6440898919936,Beverton-Holt,1202.451331276159,1.1,1.1,3658.6440898919936,10000,0.46,1.22,8942.39,19099.9
5,alpha,Ricker,0.46,0.24,0.69,0.0129,1.003,-58.18181818181819,1.1,Beverton-Holt,1202.451331276159,1.1,1.1,3658.6440898919936,10000,0.46,1.22,8942.39,19099.9
5,sigma,Ricker,1.22,1.12,1.34,0.0031,1.002,10.9090909090909,1.1,Beverton-Holt,1202.451331276159,1.1,1.1,3658.6440898919936,10000,0.46,1.22,8942.39,19099.9
5,K,Ricker,6835.8,3905.13,9908.7,2295806.1058,1.001,-31.642,10000,Ricker,1085.482198065044,1.1,1.1,4257.348911099839,10000,0.48,1.19,3187.35,6835.8
5,Smsy,Ricker,3187.35,1898.76,4589.54,460758.0133,1.001,-25.132986124536753,4257.348911099839,Ricker,1085.482198065044,1.1,1.1,4257.348911099839,10000,0.48,1.19,3187.35,6835.8
5,alpha,Ricker,0.48,0.19,0.79,0.0224,1.001,-56.363636363636374,1.1,Ricker,1085.482198065044,1.1,1.1,4257.348911099839,10000,0.48,1.19,3187.35,6835.8
5,sigma,Ricker,1.19,1.07,1.34,0.0046,1.001,8.181818181818167,1.1,Ricker,1085.482198065044,1.1,1.1,4257.348911099839,10000,0.48,1.19,3187.35,6835.8
6,K,Beverton-Holt,12007.45,8679.87,19248.88,15482449.4904,1.023,20.074500000000008,10000,Beverton-Holt,1202.451331276159,1.1,1.1,3658.6440898919936,10000,0.97,1.19,4558.06,12007.45
6,Smsy,Beverton-Holt,4558.06,1262.03,8155.66,4030161.8958,1.029,24.583312506206592,3658.6440898919936,Beverton-Holt,1202.451331276159,1.1,1.1,3658.6440898919936,10000,0.97,1.19,4558.06,12007.45
6,alpha,Beverton-Holt,0.97,0.5,3.64,0.357,1.029,-11.818181818181827,1.1,Beverton-Holt,1202.451331276159,1.1,1.1,3658.6440898919936,10000,0.97,1.19,4558.06,12007.45
6,sigma,Beverton-Holt,1.19,1.1,1.3,0.0026,1.007,8.181818181818167,1.1,Beverton-Holt,1202.451331276159,1.1,1.1,3658.6440898919936,10000,0.97,1.19,4558.06,12007.45
6,K,Beverton-Holt,5473.92,4421.94,7161.17,492979.7021,1.001,-45.2608,10000,Ricker,1085.482198065044,1.1,1.1,4257.348911099839,10000,1.65,1.17,1656.28,5473.92
6,Smsy,Beverton-Holt,1656.28,58.19,2730.88,555211.6011,1.002,-61.09597698977136,4257.348911099839,Ricker,1085.482198065044,1.1,1.1,4257.348911099839,10000,1.65,1.17,1656.28,5473.92
6,alpha,Beverton-Holt,1.65,0.63,8.95,4.6866,1.002,49.999999999999986,1.1,Ricker,1085.482198065044,1.1,1.1,4257.348911099839,10000,1.65,1.17,1656.28,5473.92
6,sigma,Beverton-Holt,1.17,1.06,1.3,0.0038,1.001,6.363636363636348,1.1,Ricker,1085.482198065044,1.1,1.1,4257.348911099839,10000,1.65,1.17,1656.28,5473.92
6,K,Ricker,19135.25,12821.24,39372.09,57422308.3106,1.001,91.3525,10000,Beverton-Holt,1202.451331276159,1.1,1.1,3658.6440898919936,10000,0.46,1.22,8969.07,19135.25
6,Smsy,Ricker,8969.07,6061.04,18751.91,13094525.6195,1.001,145.14737644963913,3658.6440898919936,Beverton-Holt,1202.451331276159,1.1,1.1,3658.6440898919936,10000,0.46,1.22,8969.07,19135.25
6,alpha,Ricker,0.46,0.26,0.67,0.0114,1.002,-58.18181818181819,1.1,Beverton-Holt,1202.451331276159,1.1,1.1,3658.6440898919936,10000,0.46,1.22,8969.07,19135.25
6,sigma,Ricker,1.22,1.13,1.33,0.0028,1.001,10.9090909090909,1.1,Beverton-Holt,1202.451331276159,1.1,1.1,3658.6440898919936,10000,0.46,1.22,8969.07,19135.25
6,K,Ricker,6816.74,4244.31,9535.54,1778462.8294,1.001,-31.8326,10000,Ricker,1085.482198065044,1.1,1.1,4257.348911099839,10000,0.48,1.19,3181.32,6816.74
6,Smsy,Ricker,3181.32,2049.23,4413.77,352594.1974,1.001,-25.274623564312435,4257.348911099839,Ricker,1085.482198065044,1.1,1.1,4257.348911099839,10000,0.48,1.19,3181.32,6816.74
6,alpha,Ricker,0.48,0.22,0.76,0.0191,1.001,-56.363636363636374,1.1,Ricker,1085.482198065044,1.1,1.1,4257.348911099839,10000,0.48,1.19,3181.32,6816.74
6,sigma,Ricker,1.19,1.08,1.32,0.004,1.001,8.181818181818167,1.1,Ricker,1085.482198065044,1.1,1.1,4257.348911099839,10000,0.48,1.19,3181.32,6816.74
7,K,Beverton-Holt,12077.9,9238.82,17876.5,6431210.6962,1.002,20.778999999999996,10000,Beverton-Holt,1202.451331276159,1.1,1.1,3658.6440898919936,10000,0.97,1.2,4583.38,12077.9
7,Smsy,Beverton-Holt,4583.38,3086.07,7400.54,1564781.2754,1.002,25.27537217033061,3658.6440898919936,Beverton-Holt,1202.451331276159,1.1,1.1,3658.6440898919936,10000,0.97,1.2,4583.38,12077.9
7,alpha,Beverton-Holt,0.97,0.55,1.6,0.0694,1.002,-11.818181818181827,1.1,Beverton-Holt,1202.451331276159,1.1,1.1,3658.6440898919936,10000,0.97,1.2,4583.38,12077.9
7,sigma,Beverton-Holt,1.2,1.11,1.3,0.0023,1.002,9.090909090909078,1.1,Beverton-Holt,1202.451331276159,1.1,1.1,3658.6440898919936,10000,0.97,1.2,4583.38,12077.9
7,K,Beverton-Holt,5491.53,4469.79,7065.17,463512.3788,1,-45.0847,10000,Ricker,1085.482198065044,1.1,1.1,4257.348911099839,10000,1.58,1.17,1705.25,5491.53
7,Smsy,Beverton-Holt,1705.25,67.37,2695.3,492091.8757,1.002,-59.94573065049847,4257.348911099839,Ricker,1085.482198065044,1.1,1.1,4257.348911099839,10000,1.58,1.17,1705.25,5491.53
7,alpha,Beverton-Holt,1.58,0.65,8.63,3.8864,1.002,43.63636363636363,1.1,Ricker,1085.482198065044,1.1,1.1,4257.348911099839,10000,1.58,1.17,1705.25,5491.53
7,sigma,Beverton-Holt,1.17,1.06,1.29,0.0032,1.001,6.363636363636348,1.1,Ricker,1085.482198065044,1.1,1.1,4257.348911099839,10000,1.58,1.17,1705.25,5491.53
7,K,Ricker,19207.5,13062.36,37728.09,60674505.7889,1.005,92.075,10000,Beverton-Holt,1202.451331276159,1.1,1.1,3658.6440898919936,10000,0.46,1.22,9011.99,19207.5
7,Smsy,Ricker,9011.99,6185.5,17942.89,14001826.5968,1.005,146.3204886449078,3658.6440898919936,Beverton-Holt,1202.451331276159,1.1,1.1,3658.6440898919936,10000,0.46,1.22,9011.99,19207.5
7,alpha,Ricker,0.46,0.26,0.67,0.0107,1.005,-58.18181818181819,1.1,Beverton-Holt,1202.451331276159,1.1,1.1,3658.6440898919936,10000,0.46,1.22,9011.99,19207.5
7,sigma,Ricker,1.22,1.13,1.32,0.0024,1.001,10.9090909090909,1.1,Beverton-Holt,1202.451331276159,1.1,1.1,3658.6440898919936,10000,0.46,1.22,9011.99,19207.5
7,K,Ricker,6831.35,4396.82,9333.32,1537650.3363,1,-31.686499999999995,10000,Ricker,1085.482198065044,1.1,1.1,4257.348911099839,10000,0.48,1.19,3189.72,6831.35
7,Smsy,Ricker,3189.72,2121.82,4327.05,305121.3382,1,-25.077317678057753,4257.348911099839,Ricker,1085.482198065044,1.1,1.1,4257.348911099839,10000,0.48,1.19,3189.72,6831.35
7,alpha,Ricker,0.48,0.23,0.74,0.0171,1.002,-56.363636363636374,1.1,Ricker,1085.482198065044,1.1,1.1,4257.348911099839,10000,0.48,1.19,3189.72,6831.35
7,sigma,Ricker,1.19,1.08,1.31,0.0034,1.001,8.181818181818167,1.1,Ricker,1085.482198065044,1.1,1.1,4257.348911099839,10000,0.48,1.19,3189.72,6831.35
8,K,Beverton-Holt,12003,9332.73,17231.2,4094759.6791,1.001,20.03,10000,Beverton-Holt,1202.451331276159,1.1,1.1,3658.6440898919936,10000,0.97,1.2,4552.3,12003
8,Smsy,Beverton-Holt,4552.3,3116.45,7088.94,1017049.0562,1.001,24.425877132377423,3658.6440898919936,Beverton-Holt,1202.451331276159,1.1,1.1,3658.6440898919936,10000,0.97,1.2,4552.3,12003
8,alpha,Beverton-Holt,0.97,0.58,1.58,0.0646,1,-11.818181818181827,1.1,Beverton-Holt,1202.451331276159,1.1,1.1,3658.6440898919936,10000,0.97,1.2,4552.3,12003
8,sigma,Beverton-Holt,1.2,1.11,1.29,0.0021,1.001,9.090909090909078,1.1,Beverton-Holt,1202.451331276159,1.1,1.1,3658.6440898919936,10000,0.97,1.2,4552.3,12003
8,K,Beverton-Holt,5510.24,4526.11,6957.48,383342.8713,1.001,-44.8976,10000,Ricker,1085.482198065044,1.1,1.1,4257.348911099839,10000,1.53,1.16,1741.01,5510.24
8,Smsy,Beverton-Holt,1741.01,74.45,2652.04,415939.5423,1.003,-59.10577130615706,4257.348911099839,Ricker,1085.482198065044,1.1,1.1,4257.348911099839,10000,1.53,1.16,1741.01,5510.24
8,alpha,Beverton-Holt,1.53,0.68,8.45,3.338,1.002,39.09090909090908,1.1,Ricker,1085.482198065044,1.1,1.1,4257.348911099839,10000,1.53,1.16,1741.01,5510.24
8,sigma,Beverton-Holt,1.16,1.07,1.28,0.0029,1.001,5.454545454545439,1.1,Ricker,1085.482198065044,1.1,1.1,4257.348911099839,10000,1.53,1.16,1741.01,5510.24
8,K,Ricker,19077.95,13298.86,35213.39,53108908.0476,1.003,90.77950000000001,10000,Beverton-Holt,1202.451331276159,1.1,1.1,3658.6440898919936,10000,0.46,1.22,8956.97,19077.95
8,Smsy,Ricker,8956.97,6280.81,16751.4,12277451.0264,1.003,144.81665283447717,3658.6440898919936,Beverton-Holt,1202.451331276159,1.1,1.1,3658.6440898919936,10000,0.46,1.22,8956.97,19077.95
8,alpha,Ricker,0.46,0.27,0.64,0.0091,1.002,-58.18181818181819,1.1,Beverton-Holt,1202.451331276159,1.1,1.1,3658.6440898919936,10000,0.46,1.22,8956.97,19077.95
8,sigma,Ricker,1.22,1.13,1.31,0.0022,1.001,10.9090909090909,1.1,Beverton-Holt,1202.451331276159,1.1,1.1,3658.6440898919936,10000,0.46,1.22,8956.97,19077.95
8,K,Ricker,6833.99,4546.38,9075.95,1286175.8062,1,-31.6601,10000,Ricker,1085.482198065044,1.1,1.1,4257.348911099839,10000,0.48,1.19,3191.58,6833.99
8,Smsy,Ricker,3191.58,2187.7,4219.85,254046.892,1,-25.033628517529927,4257.348911099839,Ricker,1085.482198065044,1.1,1.1,4257.348911099839,10000,0.48,1.19,3191.58,6833.99
8,alpha,Ricker,0.48,0.25,0.72,0.0145,1.001,-56.363636363636374,1.1,Ricker,1085.482198065044,1.1,1.1,4257.348911099839,10000,0.48,1.19,3191.58,6833.99
8,sigma,Ricker,1.19,1.09,1.3,0.0029,1.001,8.181818181818167,1.1,Ricker,1085.482198065044,1.1,1.1,4257.348911099839,10000,0.48,1.19,3191.58,6833.99
9,K,Beverton-Holt,11981.3,9446.74,16920.23,3644696.9018,1.001,19.812999999999995,10000,Beverton-Holt,1202.451331276159,1.1,1.1,3658.6440898919936,10000,0.97,1.19,4529.87,11981.3
9,Smsy,Beverton-Holt,4529.87,3199.27,6966.87,916406.9762,1.001,23.812808480469755,3658.6440898919936,Beverton-Holt,1202.451331276159,1.1,1.1,3658.6440898919936,10000,0.97,1.19,4529.87,11981.3
9,alpha,Beverton-Holt,0.97,0.59,1.52,0.0556,1.001,-11.818181818181827,1.1,Beverton-Holt,1202.451331276159,1.1,1.1,3658.6440898919936,10000,0.97,1.19,4529.87,11981.3
9,sigma,Beverton-Holt,1.19,1.11,1.28,0.0019,1,8.181818181818167,1.1,Beverton-Holt,1202.451331276159,1.1,1.1,3658.6440898919936,10000,0.97,1.19,4529.87,11981.3
9,K,Beverton-Holt,5515.41,4614.28,6864.74,326469.8425,1,-44.8459,10000,Ricker,1085.482198065044,1.1,1.1,4257.348911099839,10000,1.51,1.16,1753.58,5515.41
9,Smsy,Beverton-Holt,1753.58,83.64,2555.19,373464.4519,1.003,-58.81051714065451,4257.348911099839,Ricker,1085.482198065044,1.1,1.1,4257.348911099839,10000,1.51,1.16,1753.58,5515.41
9,alpha,Beverton-Holt,1.51,0.73,8.17,2.9746,1.003,37.272727272727266,1.1,Ricker,1085.482198065044,1.1,1.1,4257.348911099839,10000,1.51,1.16,1753.58,5515.41
9,sigma,Beverton-Holt,1.16,1.07,1.27,0.0026,1.002,5.454545454545439,1.1,Ricker,1085.482198065044,1.1,1.1,4257.348911099839,10000,1.51,1.16,1753.58,5515.41
9,K,Ricker,19077.35,13520.78,32288.84,23855892.4507,1.001,90.77349999999998,10000,Beverton-Holt,1202.451331276159,1.1,1.1,3658.6440898919936,10000,0.46,1.22,8949.93,19077.35
9,Smsy,Ricker,8949.93,6396.19,15272.55,5407516.5222,1.001,144.62423182201934,3658.6440898919936,Beverton-Holt,1202.451331276159,1.1,1.1,3658.6440898919936,10000,0.46,1.22,8949.93,19077.35
9,alpha,Ricker,0.46,0.28,0.64,0.0082,1.001,-58.18181818181819,1.1,Beverton-Holt,1202.451331276159,1.1,1.1,3658.6440898919936,10000,0.46,1.22,8949.93,19077.35
9,sigma,Ricker,1.22,1.14,1.31,0.0019,1.001,10.9090909090909,1.1,Beverton-Holt,1202.451331276159,1.1,1.1,3658.6440898919936,10000,0.46,1.22,8949.93,19077.35
9,K,Ricker,6823.84,4695.68,9060.9,1192958.1387,1.001,-31.7616,10000,Ricker,1085.482198065044,1.1,1.1,4257.348911099839,10000,0.49,1.19,3189.99,6823.84
9,Smsy,Ricker,3189.99,2254.17,4197.56,235875.2946,1.001,-25.070975703142423,4257.348911099839,Ricker,1085.482198065044,1.1,1.1,4257.348911099839,10000,0.49,1.19,3189.99,6823.84
9,alpha,Ricker,0.49,0.26,0.71,0.0133,1.001,-55.45454545454545,1.1,Ricker,1085.482198065044,1.1,1.1,4257.348911099839,10000,0.49,1.19,3189.99,6823.84
9,sigma,Ricker,1.19,1.09,1.29,0.0027,1.002,8.181818181818167,1.1,Ricker,1085.482198065044,1.1,1.1,4257.348911099839,10000,0.49,1.19,3189.99,6823.84
10,K,Beverton-Holt,11920.55,9504.41,16269.86,3070788.2811,1.001,19.205499999999994,10000,Beverton-Holt,1202.451331276159,1.1,1.1,3658.6440898919936,10000,0.98,1.19,4515.36,11920.55
10,Smsy,Beverton-Holt,4515.36,3258.43,6618.99,765402.0316,1.001,23.416213467577194,3658.6440898919936,Beverton-Holt,1202.451331276159,1.1,1.1,3658.6440898919936,10000,0.98,1.19,4515.36,11920.55
10,alpha,Beverton-Holt,0.98,0.62,1.49,0.0497,1.001,-10.909090909090917,1.1,Beverton-Holt,1202.451331276159,1.1,1.1,3658.6440898919936,10000,0.98,1.19,4515.36,11920.55
10,sigma,Beverton-Holt,1.19,1.12,1.28,0.0017,1.002,8.181818181818167,1.1,Beverton-Holt,1202.451331276159,1.1,1.1,3658.6440898919936,10000,0.98,1.19,4515.36,11920.55
10,K,Beverton-Holt,5525.23,4645.57,6785.21,296948.993,1.001,-44.74770000000001,10000,Ricker,1085.482198065044,1.1,1.1,4257.348911099839,10000,1.48,1.16,1779.36,5525.23
10,Smsy,Beverton-Holt,1779.36,160.93,2516.02,285244.9076,1.001,-58.204975980220475,4257.348911099839,Ricker,1085.482198065044,1.1,1.1,4257.348911099839,10000,1.48,1.16,1779.36,5525.23
10,alpha,Beverton-Holt,1.48,0.76,6.92,1.9136,1.001,34.54545454545453,1.1,Ricker,1085.482198065044,1.1,1.1,4257.348911099839,10000,1.48,1.16,1779.36,5525.23
10,sigma,Beverton-Holt,1.16,1.07,1.26,0.0023,1.001,5.454545454545439,1.1,Ricker,1085.482198065044,1.1,1.1,4257.348911099839,10000,1.48,1.16,1779.36,5525.23
10,K,Ricker,19045.3,13786.49,32158.3,26998978.8825,1.001,90.45299999999999,10000,Beverton-Holt,1202.451331276159,1.1,1.1,3658.6440898919936,10000,0.46,1.22,8929.09,19045.3
10,Smsy,Ricker,8929.09,6513.5,15272.54,6185988.0175,1.001,144.05462189309577,3658.6440898919936,Beverton-Holt,1202.451331276159,1.1,1.1,3658.6440898919936,10000,0.46,1.22,8929.09,19045.3
10,alpha,Ricker,0.46,0.29,0.63,0.0076,1.001,-58.18181818181819,1.1,Beverton-Holt,1202.451331276159,1.1,1.1,3658.6440898919936,10000,0.46,1.22,8929.09,19045.3
10,sigma,Ricker,1.22,1.14,1.31,0.0018,1.001,10.9090909090909,1.1,Beverton-Holt,1202.451331276159,1.1,1.1,3658.6440898919936,10000,0.46,1.22,8929.09,19045.3
10,K,Ricker,6832.56,4802.67,8904.18,1054006.2828,1.001,-31.674399999999995,10000,Ricker,1085.482198065044,1.1,1.1,4257.348911099839,10000,0.48,1.19,3192.06,6832.56
10,Smsy,Ricker,3192.06,2305.13,4131.19,207049.244,1.001,-25.022353895458227,4257.348911099839,Ricker,1085.482198065044,1.1,1.1,4257.348911099839,10000,0.48,1.19,3192.06,6832.56
10,alpha,Ricker,0.48,0.27,0.7,0.0122,1.001,-56.363636363636374,1.1,Ricker,1085.482198065044,1.1,1.1,4257.348911099839,10000,0.48,1.19,3192.06,6832.56
10,sigma,Ricker,1.19,1.1,1.29,0.0023,1.001,8.181818181818167,1.1,Ricker,1085.482198065044,1.1,1.1,4257.348911099839,10000,0.48,1.19,3192.06,6832.56
11,K,Beverton-Holt,11895.35,9571.82,15984.72,2817824.5838,1,18.953500000000002,10000,Beverton-Holt,1202.451331276159,1.1,1.1,3658.6440898919936,10000,0.98,1.19,4494.68,11895.35
11,Smsy,Beverton-Holt,4494.68,3301.13,6533.72,698993.2922,1.001,22.85097674348223,3658.6440898919936,Beverton-Holt,1202.451331276159,1.1,1.1,3658.6440898919936,10000,0.98,1.19,4494.68,11895.35
11,alpha,Beverton-Holt,0.98,0.62,1.46,0.0452,1.001,-10.909090909090917,1.1,Beverton-Holt,1202.451331276159,1.1,1.1,3658.6440898919936,10000,0.98,1.19,4494.68,11895.35
11,sigma,Beverton-Holt,1.19,1.12,1.28,0.0015,1,8.181818181818167,1.1,Beverton-Holt,1202.451331276159,1.1,1.1,3658.6440898919936,10000,0.98,1.19,4494.68,11895.35
11,K,Beverton-Holt,5535.15,4655.21,6707.48,281528.2791,1,-44.648500000000006,10000,Ricker,1085.482198065044,1.1,1.1,4257.348911099839,10000,1.47,1.16,1786.49,5535.15
11,Smsy,Beverton-Holt,1786.49,156.63,2502,267085.3888,1.003,-58.03750086486381,4257.348911099839,Ricker,1085.482198065044,1.1,1.1,4257.348911099839,10000,1.47,1.16,1786.49,5535.15
11,alpha,Beverton-Holt,1.47,0.75,6.96,1.87,1.003,33.63636363636362,1.1,Ricker,1085.482198065044,1.1,1.1,4257.348911099839,10000,1.47,1.16,1786.49,5535.15
11,sigma,Beverton-Holt,1.16,1.08,1.25,0.0021,1.002,5.454545454545439,1.1,Ricker,1085.482198065044,1.1,1.1,4257.348911099839,10000,1.47,1.16,1786.49,5535.15
11,K,Ricker,19047.95,13971.48,30411.86,18884748.2135,1.001,90.47950000000002,10000,Beverton-Holt,1202.451331276159,1.1,1.1,3658.6440898919936,10000,0.46,1.22,8936.17,19047.95
11,Smsy,Ricker,8936.17,6586.52,14423.68,4290627.545,1.001,144.2481362067608,3658.6440898919936,Beverton-Holt,1202.451331276159,1.1,1.1,3658.6440898919936,10000,0.46,1.22,8936.17,19047.95
11,alpha,Ricker,0.46,0.29,0.63,0.007,1.002,-58.18181818181819,1.1,Beverton-Holt,1202.451331276159,1.1,1.1,3658.6440898919936,10000,0.46,1.22,8936.17,19047.95
11,sigma,Ricker,1.22,1.14,1.3,0.0016,1.001,10.9090909090909,1.1,Beverton-Holt,1202.451331276159,1.1,1.1,3658.6440898919936,10000,0.46,1.22,8936.17,19047.95
11,K,Ricker,6843.12,4992.07,8773.03,917142.8271,1.001,-31.5688,10000,Ricker,1085.482198065044,1.1,1.1,4257.348911099839,10000,0.49,1.19,3197.15,6843.12
11,Smsy,Ricker,3197.15,2383.35,4063.24,179911.7869,1.001,-24.902795923906275,4257.348911099839,Ricker,1085.482198065044,1.1,1.1,4257.348911099839,10000,0.49,1.19,3197.15,6843.12
11,alpha,Ricker,0.49,0.28,0.69,0.0112,1.001,-55.45454545454545,1.1,Ricker,1085.482198065044,1.1,1.1,4257.348911099839,10000,0.49,1.19,3197.15,6843.12
11,sigma,Ricker,1.19,1.1,1.28,0.0022,1.001,8.181818181818167,1.1,Ricker,1085.482198065044,1.1,1.1,4257.348911099839,10000,0.49,1.19,3197.15,6843.12
12,K,Beverton-Holt,11846.45,9642.9,15683.04,2403056.3459,1,18.464500000000005,10000,Beverton-Holt,1202.451331276159,1.1,1.1,3658.6440898919936,10000,0.99,1.19,4470.4,11846.45
12,Smsy,Beverton-Holt,4470.4,3327.08,6370.58,600283.3404,1.001,22.187342910744007,3658.6440898919936,Beverton-Holt,1202.451331276159,1.1,1.1,3658.6440898919936,10000,0.99,1.19,4470.4,11846.45
12,alpha,Beverton-Holt,0.99,0.65,1.45,0.0417,1.001,-10.000000000000009,1.1,Beverton-Holt,1202.451331276159,1.1,1.1,3658.6440898919936,10000,0.99,1.19,4470.4,11846.45
12,sigma,Beverton-Holt,1.19,1.13,1.27,0.0014,1.001,8.181818181818167,1.1,Beverton-Holt,1202.451331276159,1.1,1.1,3658.6440898919936,10000,0.99,1.19,4470.4,11846.45
12,K,Beverton-Holt,5538.17,4694.2,6668.17,256982.4343,1.001,-44.6183,10000,Ricker,1085.482198065044,1.1,1.1,4257.348911099839,10000,1.46,1.16,1796.81,5538.17
12,Smsy,Beverton-Holt,1796.81,305.06,2484.14,223772.3399,1.002,-57.79509649032233,4257.348911099839,Ricker,1085.482198065044,1.1,1.1,4257.348911099839,10000,1.46,1.16,1796.81,5538.17
12,alpha,Beverton-Holt,1.46,0.77,5.58,1.4508,1.003,32.72727272727271,1.1,Ricker,1085.482198065044,1.1,1.1,4257.348911099839,10000,1.46,1.16,1796.81,5538.17
12,sigma,Beverton-Holt,1.16,1.08,1.25,0.0019,1.001,5.454545454545439,1.1,Ricker,1085.482198065044,1.1,1.1,4257.348911099839,10000,1.46,1.16,1796.81,5538.17
12,K,Ricker,18962.25,14064.08,29603.35,17769821.5347,1.001,89.6225,10000,Beverton-Holt,1202.451331276159,1.1,1.1,3658.6440898919936,10000,0.46,1.22,8900.31,18962.25
12,Smsy,Ricker,8900.31,6624.49,14009.72,4056412.0554,1.001,143.2679916745535,3658.6440898919936,Beverton-Holt,1202.451331276159,1.1,1.1,3658.6440898919936,10000,0.46,1.22,8900.31,18962.25
12,alpha,Ricker,0.46,0.3,0.62,0.0066,1.002,-58.18181818181819,1.1,Beverton-Holt,1202.451331276159,1.1,1.1,3658.6440898919936,10000,0.46,1.22,8900.31,18962.25
12,sigma,Ricker,1.22,1.14,1.3,0.0015,1.001,10.9090909090909,1.1,Beverton-Holt,1202.451331276159,1.1,1.1,3658.6440898919936,10000,0.46,1.22,8900.31,18962.25
12,K,Ricker,6819.9,4998.39,8633.57,851680.8906,1.002,-31.801000000000005,10000,Ricker,1085.482198065044,1.1,1.1,4257.348911099839,10000,0.48,1.18,3187.86,6819.9
12,Smsy,Ricker,3187.86,2394.61,4004.03,166822.1577,1.002,-25.12100683858557,4257.348911099839,Ricker,1085.482198065044,1.1,1.1,4257.348911099839,10000,0.48,1.18,3187.86,6819.9
12,alpha,Ricker,0.48,0.29,0.68,0.0104,1.001,-56.363636363636374,1.1,Ricker,1085.482198065044,1.1,1.1,4257.348911099839,10000,0.48,1.18,3187.86,6819.9
12,sigma,Ricker,1.18,1.1,1.28,0.002,1.001,7.272727272727258,1.1,Ricker,1085.482198065044,1.1,1.1,4257.348911099839,10000,0.48,1.18,3187.86,6819.9
13,K,Beverton-Holt,11867.95,9730.66,15591.32,2223576.5972,1.001,18.679500000000004,10000,Beverton-Holt,1202.451331276159,1.1,1.1,3658.6440898919936,10000,0.99,1.19,4481.53,11867.95
13,Smsy,Beverton-Holt,4481.53,3368.78,6294.76,554806.0719,1.001,22.491553971632655,3658.6440898919936,Beverton-Holt,1202.451331276159,1.1,1.1,3658.6440898919936,10000,0.99,1.19,4481.53,11867.95
13,alpha,Beverton-Holt,0.99,0.67,1.43,0.0382,1,-10.000000000000009,1.1,Beverton-Holt,1202.451331276159,1.1,1.1,3658.6440898919936,10000,0.99,1.19,4481.53,11867.95
13,sigma,Beverton-Holt,1.19,1.12,1.26,0.0013,1.001,8.181818181818167,1.1,Beverton-Holt,1202.451331276159,1.1,1.1,3658.6440898919936,10000,0.99,1.19,4481.53,11867.95
13,K,Beverton-Holt,5560.07,4735.79,6642.52,236725.3668,1.001,-44.3993,10000,Ricker,1085.482198065044,1.1,1.1,4257.348911099839,10000,1.43,1.16,1823.45,5560.07
13,Smsy,Beverton-Holt,1823.45,588.94,2460.64,180934.7526,1.001,-57.16935496534317,4257.348911099839,Ricker,1085.482198065044,1.1,1.1,4257.348911099839,10000,1.43,1.16,1823.45,5560.07
13,alpha,Beverton-Holt,1.43,0.8,4.17,0.9615,1.001,29.999999999999986,1.1,Ricker,1085.482198065044,1.1,1.1,4257.348911099839,10000,1.43,1.16,1823.45,5560.07
13,sigma,Beverton-Holt,1.16,1.08,1.25,0.0019,1.001,5.454545454545439,1.1,Ricker,1085.482198065044,1.1,1.1,4257.348911099839,10000,1.43,1.16,1823.45,5560.07
13,K,Ricker,18971.8,14337.58,28520.88,15206311.6735,1,89.71799999999999,10000,Beverton-Holt,1202.451331276159,1.1,1.1,3658.6440898919936,10000,0.46,1.22,8899.83,18971.8
13,Smsy,Ricker,8899.83,6756.5,13503.03,3453946.5673,1,143.25487206006775,3658.6440898919936,Beverton-Holt,1202.451331276159,1.1,1.1,3658.6440898919936,10000,0.46,1.22,8899.83,18971.8
13,alpha,Ricker,0.46,0.31,0.61,0.0059,1.001,-58.18181818181819,1.1,Beverton-Holt,1202.451331276159,1.1,1.1,3658.6440898919936,10000,0.46,1.22,8899.83,18971.8
13,sigma,Ricker,1.22,1.15,1.29,0.0014,1.001,10.9090909090909,1.1,Beverton-Holt,1202.451331276159,1.1,1.1,3658.6440898919936,10000,0.46,1.22,8899.83,18971.8
13,K,Ricker,6823.57,5066.65,8566.69,791571.1759,1,-31.7643,10000,Ricker,1085.482198065044,1.1,1.1,4257.348911099839,10000,0.48,1.18,3190.32,6823.57
13,Smsy,Ricker,3190.32,2425.46,3983.45,154525.2866,1,-25.063224400468123,4257.348911099839,Ricker,1085.482198065044,1.1,1.1,4257.348911099839,10000,0.48,1.18,3190.32,6823.57
13,alpha,Ricker,0.48,0.29,0.68,0.0098,1.001,-56.363636363636374,1.1,Ricker,1085.482198065044,1.1,1.1,4257.348911099839,10000,0.48,1.18,3190.32,6823.57
13,sigma,Ricker,1.18,1.1,1.27,0.0019,1,7.272727272727258,1.1,Ricker,1085.482198065044,1.1,1.1,4257.348911099839,10000,0.48,1.18,3190.32,6823.57
14,K,Beverton-Holt,11831.4,9783.09,15211.43,1919470.0085,1.001,18.313999999999997,10000,Beverton-Holt,1202.451331276159,1.1,1.1,3658.6440898919936,10000,0.99,1.19,4463.46,11831.4
14,Smsy,Beverton-Holt,4463.46,3385.53,6109.63,475132.204,1.001,21.997655151304023,3658.6440898919936,Beverton-Holt,1202.451331276159,1.1,1.1,3658.6440898919936,10000,0.99,1.19,4463.46,11831.4
14,alpha,Beverton-Holt,0.99,0.68,1.41,0.0351,1.001,-10.000000000000009,1.1,Beverton-Holt,1202.451331276159,1.1,1.1,3658.6440898919936,10000,0.99,1.19,4463.46,11831.4
14,sigma,Beverton-Holt,1.19,1.13,1.26,0.0012,1.001,8.181818181818167,1.1,Beverton-Holt,1202.451331276159,1.1,1.1,3658.6440898919936,10000,0.99,1.19,4463.46,11831.4
14,K,Beverton-Holt,5552.22,4743.7,6570.01,220508.5275,1,-44.4778,10000,Ricker,1085.482198065044,1.1,1.1,4257.348911099839,10000,1.43,1.16,1816.09,5552.22
14,Smsy,Beverton-Holt,1816.09,619.44,2424.61,172866.7749,1.002,-57.34223250377584,4257.348911099839,Ricker,1085.482198065044,1.1,1.1,4257.348911099839,10000,1.43,1.16,1816.09,5552.22
14,alpha,Beverton-Holt,1.43,0.82,3.99,0.9301,1.001,29.999999999999986,1.1,Ricker,1085.482198065044,1.1,1.1,4257.348911099839,10000,1.43,1.16,1816.09,5552.22
14,sigma,Beverton-Holt,1.16,1.08,1.24,0.0017,1,5.454545454545439,1.1,Ricker,1085.482198065044,1.1,1.1,4257.348911099839,10000,1.43,1.16,1816.09,5552.22
14,K,Ricker,18928.45,14368.5,28203.19,12718772.1056,1,89.28450000000001,10000,Beverton-Holt,1202.451331276159,1.1,1.1,3658.6440898919936,10000,0.46,1.22,8874.99,18928.45
14,Smsy,Ricker,8874.99,6771.18,13318.35,2877786.9957,1,142.5759320104295,3658.6440898919936,Beverton-Holt,1202.451331276159,1.1,1.1,3658.6440898919936,10000,0.46,1.22,8874.99,18928.45
14,alpha,Ricker,0.46,0.32,0.61,0.0054,1.002,-58.18181818181819,1.1,Beverton-Holt,1202.451331276159,1.1,1.1,3658.6440898919936,10000,0.46,1.22,8874.99,18928.45
14,sigma,Ricker,1.22,1.15,1.29,0.0013,1.002,10.9090909090909,1.1,Beverton-Holt,1202.451331276159,1.1,1.1,3658.6440898919936,10000,0.46,1.22,8874.99,18928.45
14,K,Ricker,6833.27,5150.21,8563.84,730286.2408,1.001,-31.667299999999994,10000,Ricker,1085.482198065044,1.1,1.1,4257.348911099839,10000,0.49,1.18,3195.9,6833.27
14,Smsy,Ricker,3195.9,2454.3,3970.78,142071.4615,1.001,-24.93215691888465,4257.348911099839,Ricker,1085.482198065044,1.1,1.1,4257.348911099839,10000,0.49,1.18,3195.9,6833.27
14,alpha,Ricker,0.49,0.31,0.68,0.0091,1.001,-55.45454545454545,1.1,Ricker,1085.482198065044,1.1,1.1,4257.348911099839,10000,0.49,1.18,3195.9,6833.27
14,sigma,Ricker,1.18,1.1,1.27,0.0018,1.001,7.272727272727258,1.1,Ricker,1085.482198065044,1.1,1.1,4257.348911099839,10000,0.49,1.18,3195.9,6833.27
15,K,Beverton-Holt,11823.55,9803.03,15022.58,1758114.8049,1,18.235499999999995,10000,Beverton-Holt,1202.451331276159,1.1,1.1,3658.6440898919936,10000,0.99,1.19,4462.52,11823.55
15,Smsy,Beverton-Holt,4462.52,3420.27,6016.29,434793.4941,1.001,21.971962572936082,3658.6440898919936,Beverton-Holt,1202.451331276159,1.1,1.1,3658.6440898919936,10000,0.99,1.19,4462.52,11823.55
15,alpha,Beverton-Holt,0.99,0.69,1.4,0.0322,1.001,-10.000000000000009,1.1,Beverton-Holt,1202.451331276159,1.1,1.1,3658.6440898919936,10000,0.99,1.19,4462.52,11823.55
15,sigma,Beverton-Holt,1.19,1.13,1.26,0.0012,1,8.181818181818167,1.1,Beverton-Holt,1202.451331276159,1.1,1.1,3658.6440898919936,10000,0.99,1.19,4462.52,11823.55
15,K,Beverton-Holt,5553.65,4771.58,6568.45,206967.8949,1,-44.4635,10000,Ricker,1085.482198065044,1.1,1.1,4257.348911099839,10000,1.42,1.16,1821.39,5553.65
15,Smsy,Beverton-Holt,1821.39,736.78,2434.04,158052.2729,1.002,-57.21774188506752,4257.348911099839,Ricker,1085.482198065044,1.1,1.1,4257.348911099839,10000,1.42,1.16,1821.39,5553.65
15,alpha,Beverton-Holt,1.42,0.83,3.64,0.8555,1.002,29.090909090909076,1.1,Ricker,1085.482198065044,1.1,1.1,4257.348911099839,10000,1.42,1.16,1821.39,5553.65
15,sigma,Beverton-Holt,1.16,1.08,1.24,0.0016,1.001,5.454545454545439,1.1,Ricker,1085.482198065044,1.1,1.1,4257.348911099839,10000,1.42,1.16,1821.39,5553.65
15,K,Ricker,18907.2,14372.28,27623.12,11768020.3305,1,89.07200000000002,10000,Beverton-Holt,1202.451331276159,1.1,1.1,3658.6440898919936,10000,0.46,1.22,8870.6,18907.2
15,Smsy,Ricker,8870.6,6780.26,13051.6,2661578.4259,1,142.45594220294515,3658.6440898919936,Beverton-Holt,1202.451331276159,1.1,1.1,3658.6440898919936,10000,0.46,1.22,8870.6,18907.2
15,alpha,Ricker,0.46,0.32,0.61,0.0053,1.001,-58.18181818181819,1.1,Beverton-Holt,1202.451331276159,1.1,1.1,3658.6440898919936,10000,0.46,1.22,8870.6,18907.2
15,sigma,Ricker,1.22,1.15,1.29,0.0012,1,10.9090909090909,1.1,Beverton-Holt,1202.451331276159,1.1,1.1,3658.6440898919936,10000,0.46,1.22,8870.6,18907.2
15,K,Ricker,6823.18,5098.85,8470.66,732932.1429,1,-31.7682,10000,Ricker,1085.482198065044,1.1,1.1,4257.348911099839,10000,0.48,1.18,3190.15,6823.18
15,Smsy,Ricker,3190.15,2437.07,3932.61,143498.2829,1,-25.067217495785187,4257.348911099839,Ricker,1085.482198065044,1.1,1.1,4257.348911099839,10000,0.48,1.18,3190.15,6823.18
15,alpha,Ricker,0.48,0.29,0.66,0.0089,1,-56.363636363636374,1.1,Ricker,1085.482198065044,1.1,1.1,4257.348911099839,10000,0.48,1.18,3190.15,6823.18
15,sigma,Ricker,1.18,1.11,1.27,0.0017,1,7.272727272727258,1.1,Ricker,1085.482198065044,1.1,1.1,4257.348911099839,10000,0.48,1.18,3190.15,6823.18
16,K,Beverton-Holt,11838.05,9878.52,14967.77,1725775.1523,1,18.380499999999994,10000,Beverton-Holt,1202.451331276159,1.1,1.1,3658.6440898919936,10000,1,1.19,4458.3,11838.05
16,Smsy,Beverton-Holt,4458.3,3452.9,5991.32,434363.4801,1,21.85661929558207,3658.6440898919936,Beverton-Holt,1202.451331276159,1.1,1.1,3658.6440898919936,10000,1,1.19,4458.3,11838.05
16,alpha,Beverton-Holt,1,0.69,1.38,0.031,1,-9.090909090909099,1.1,Beverton-Holt,1202.451331276159,1.1,1.1,3658.6440898919936,10000,1,1.19,4458.3,11838.05
16,sigma,Beverton-Holt,1.19,1.13,1.26,0.0011,1.001,8.181818181818167,1.1,Beverton-Holt,1202.451331276159,1.1,1.1,3658.6440898919936,10000,1,1.19,4458.3,11838.05
16,K,Beverton-Holt,5568.1,4804.64,6571.29,200563.8263,1.001,-44.318999999999996,10000,Ricker,1085.482198065044,1.1,1.1,4257.348911099839,10000,1.41,1.16,1831.77,5568.1
16,Smsy,Beverton-Holt,1831.77,1012,2430.93,127674.0346,1.001,-56.97392818276709,4257.348911099839,Ricker,1085.482198065044,1.1,1.1,4257.348911099839,10000,1.41,1.16,1831.77,5568.1
16,alpha,Beverton-Holt,1.41,0.82,2.87,0.4627,1.001,28.181818181818162,1.1,Ricker,1085.482198065044,1.1,1.1,4257.348911099839,10000,1.41,1.16,1831.77,5568.1
16,sigma,Beverton-Holt,1.16,1.09,1.24,0.0014,1.001,5.454545454545439,1.1,Ricker,1085.482198065044,1.1,1.1,4257.348911099839,10000,1.41,1.16,1831.77,5568.1
16,K,Ricker,18961,14683.6,27226.06,10818618.8963,1.001,89.61,10000,Beverton-Holt,1202.451331276159,1.1,1.1,3658.6440898919936,10000,0.46,1.22,8899.69,18961
16,Smsy,Ricker,8899.69,6909.3,12817.43,2451075.9254,1.001,143.25104550584277,3658.6440898919936,Beverton-Holt,1202.451331276159,1.1,1.1,3658.6440898919936,10000,0.46,1.22,8899.69,18961
16,alpha,Ricker,0.46,0.33,0.6,0.005,1,-58.18181818181819,1.1,Beverton-Holt,1202.451331276159,1.1,1.1,3658.6440898919936,10000,0.46,1.22,8899.69,18961
16,sigma,Ricker,1.22,1.15,1.29,0.0011,1.001,10.9090909090909,1.1,Beverton-Holt,1202.451331276159,1.1,1.1,3658.6440898919936,10000,0.46,1.22,8899.69,18961
16,K,Ricker,6810.15,5249.72,8442.82,652762.638,1,-31.898500000000006,10000,Ricker,1085.482198065044,1.1,1.1,4257.348911099839,10000,0.48,1.18,3186.72,6810.15
16,Smsy,Ricker,3186.72,2501.32,3910.81,127272.9103,1.001,-25.14778406600586,4257.348911099839,Ricker,1085.482198065044,1.1,1.1,4257.348911099839,10000,0.48,1.18,3186.72,6810.15
16,alpha,Ricker,0.48,0.31,0.66,0.0079,1.001,-56.363636363636374,1.1,Ricker,1085.482198065044,1.1,1.1,4257.348911099839,10000,0.48,1.18,3186.72,6810.15
16,sigma,Ricker,1.18,1.11,1.26,0.0015,1,7.272727272727258,1.1,Ricker,1085.482198065044,1.1,1.1,4257.348911099839,10000,0.48,1.18,3186.72,6810.15
17,K,Beverton-Holt,11815.3,9871.65,14787.55,1561330.4759,1,18.152999999999995,10000,Beverton-Holt,1202.451331276159,1.1,1.1,3658.6440898919936,10000,1,1.19,4450.02,11815.3
17,Smsy,Beverton-Holt,4450.02,3456.73,5933.17,393859.989,1.001,21.63030594570266,3658.6440898919936,Beverton-Holt,1202.451331276159,1.1,1.1,3658.6440898919936,10000,1,1.19,4450.02,11815.3
17,alpha,Beverton-Holt,1,0.7,1.37,0.0295,1.001,-9.090909090909099,1.1,Beverton-Holt,1202.451331276159,1.1,1.1,3658.6440898919936,10000,1,1.19,4450.02,11815.3
17,sigma,Beverton-Holt,1.19,1.13,1.26,0.001,1.001,8.181818181818167,1.1,Beverton-Holt,1202.451331276159,1.1,1.1,3658.6440898919936,10000,1,1.19,4450.02,11815.3
17,K,Beverton-Holt,5558.47,4821.58,6524.1,188415.7223,1.001,-44.4153,10000,Ricker,1085.482198065044,1.1,1.1,4257.348911099839,10000,1.42,1.16,1829.7,5558.47
17,Smsy,Beverton-Holt,1829.7,949.45,2418.25,138995.8081,1.003,-57.02254999045128,4257.348911099839,Ricker,1085.482198065044,1.1,1.1,4257.348911099839,10000,1.42,1.16,1829.7,5558.47
17,alpha,Beverton-Holt,1.42,0.84,3,0.6775,1.002,29.090909090909076,1.1,Ricker,1085.482198065044,1.1,1.1,4257.348911099839,10000,1.42,1.16,1829.7,5558.47
17,sigma,Beverton-Holt,1.16,1.09,1.24,0.0014,1,5.454545454545439,1.1,Ricker,1085.482198065044,1.1,1.1,4257.348911099839,10000,1.42,1.16,1829.7,5558.47
17,K,Ricker,18957.25,14717.11,26962.47,10348721.6595,1.001,89.5725,10000,Beverton-Holt,1202.451331276159,1.1,1.1,3658.6440898919936,10000,0.46,1.22,8897.6,18957.25
17,Smsy,Ricker,8897.6,6927.27,12734.68,2350867.937,1.002,143.19392051776933,3658.6440898919936,Beverton-Holt,1202.451331276159,1.1,1.1,3658.6440898919936,10000,0.46,1.22,8897.6,18957.25
17,alpha,Ricker,0.46,0.33,0.6,0.0047,1.001,-58.18181818181819,1.1,Beverton-Holt,1202.451331276159,1.1,1.1,3658.6440898919936,10000,0.46,1.22,8897.6,18957.25
17,sigma,Ricker,1.22,1.16,1.28,0.001,1.001,10.9090909090909,1.1,Beverton-Holt,1202.451331276159,1.1,1.1,3658.6440898919936,10000,0.46,1.22,8897.6,18957.25
17,K,Ricker,6819.74,5299.71,8430.51,624726.2302,1,-31.8026,10000,Ricker,1085.482198065044,1.1,1.1,4257.348911099839,10000,0.48,1.18,3190.7,6819.74
17,Smsy,Ricker,3190.7,2522.09,3908.19,122242.0137,1,-25.054298657994703,4257.348911099839,Ricker,1085.482198065044,1.1,1.1,4257.348911099839,10000,0.48,1.18,3190.7,6819.74
17,alpha,Ricker,0.48,0.31,0.66,0.0075,1.001,-56.363636363636374,1.1,Ricker,1085.482198065044,1.1,1.1,4257.348911099839,10000,0.48,1.18,3190.7,6819.74
17,sigma,Ricker,1.18,1.11,1.26,0.0015,1.001,7.272727272727258,1.1,Ricker,1085.482198065044,1.1,1.1,4257.348911099839,10000,0.48,1.18,3190.7,6819.74
18,K,Beverton-Holt,11787.2,9900.42,14636.12,1436533.6871,1,17.872000000000007,10000,Beverton-Holt,1202.451331276159,1.1,1.1,3658.6440898919936,10000,1,1.19,4435.22,11787.2
18,Smsy,Beverton-Holt,4435.22,3452.78,5851.23,361580.7647,1.001,21.22578449905828,3658.6440898919936,Beverton-Holt,1202.451331276159,1.1,1.1,3658.6440898919936,10000,1,1.19,4435.22,11787.2
18,alpha,Beverton-Holt,1,0.71,1.38,0.0284,1.001,-9.090909090909099,1.1,Beverton-Holt,1202.451331276159,1.1,1.1,3658.6440898919936,10000,1,1.19,4435.22,11787.2
18,sigma,Beverton-Holt,1.19,1.13,1.26,0.001,1.001,8.181818181818167,1.1,Beverton-Holt,1202.451331276159,1.1,1.1,3658.6440898919936,10000,1,1.19,4435.22,11787.2
18,K,Beverton-Holt,5568.4,4858.01,6458.06,168357.0504,1,-44.316,10000,Ricker,1085.482198065044,1.1,1.1,4257.348911099839,10000,1.41,1.16,1837.05,5568.4
18,Smsy,Beverton-Holt,1837.05,1164.9,2380.28,98385.3605,1.001,-56.84990733997842,4257.348911099839,Ricker,1085.482198065044,1.1,1.1,4257.348911099839,10000,1.41,1.16,1837.05,5568.4
18,alpha,Beverton-Holt,1.41,0.85,2.55,0.3007,1.002,28.181818181818162,1.1,Ricker,1085.482198065044,1.1,1.1,4257.348911099839,10000,1.41,1.16,1837.05,5568.4
18,sigma,Beverton-Holt,1.16,1.09,1.23,0.0013,1,5.454545454545439,1.1,Ricker,1085.482198065044,1.1,1.1,4257.348911099839,10000,1.41,1.16,1837.05,5568.4
18,K,Ricker,18924.05,14730.16,27006.54,10528118.7815,1.001,89.24049999999998,10000,Beverton-Holt,1202.451331276159,1.1,1.1,3658.6440898919936,10000,0.46,1.22,8882.12,18924.05
18,Smsy,Ricker,8882.12,6934.16,12779.32,2392974.7975,1.001,142.77081295060347,3658.6440898919936,Beverton-Holt,1202.451331276159,1.1,1.1,3658.6440898919936,10000,0.46,1.22,8882.12,18924.05
18,alpha,Ricker,0.46,0.33,0.59,0.0045,1.001,-58.18181818181819,1.1,Beverton-Holt,1202.451331276159,1.1,1.1,3658.6440898919936,10000,0.46,1.22,8882.12,18924.05
18,sigma,Ricker,1.22,1.16,1.28,0.001,1.001,10.9090909090909,1.1,Beverton-Holt,1202.451331276159,1.1,1.1,3658.6440898919936,10000,0.46,1.22,8882.12,18924.05
18,K,Ricker,6818.12,5314.05,8319.93,578046.1885,1.002,-31.8188,10000,Ricker,1085.482198065044,1.1,1.1,4257.348911099839,10000,0.48,1.18,3189.27,6818.12
18,Smsy,Ricker,3189.27,2535.04,3866.49,112568.1522,1.002,-25.087887636249963,4257.348911099839,Ricker,1085.482198065044,1.1,1.1,4257.348911099839,10000,0.48,1.18,3189.27,6818.12
18,alpha,Ricker,0.48,0.32,0.65,0.0071,1.002,-56.363636363636374,1.1,Ricker,1085.482198065044,1.1,1.1,4257.348911099839,10000,0.48,1.18,3189.27,6818.12
18,sigma,Ricker,1.18,1.11,1.26,0.0014,1.001,7.272727272727258,1.1,Ricker,1085.482198065044,1.1,1.1,4257.348911099839,10000,0.48,1.18,3189.27,6818.12
19,K,Beverton-Holt,11791.75,9953.21,14625.91,1410170.285,1.001,17.9175,10000,Beverton-Holt,1202.451331276159,1.1,1.1,3658.6440898919936,10000,1,1.19,4443.63,11791.75
19,Smsy,Beverton-Holt,4443.63,3496.61,5823.83,357573.634,1.002,21.455651077860924,3658.6440898919936,Beverton-Holt,1202.451331276159,1.1,1.1,3658.6440898919936,10000,1,1.19,4443.63,11791.75
19,alpha,Beverton-Holt,1,0.72,1.36,0.0271,1.003,-9.090909090909099,1.1,Beverton-Holt,1202.451331276159,1.1,1.1,3658.6440898919936,10000,1,1.19,4443.63,11791.75
19,sigma,Beverton-Holt,1.19,1.13,1.25,9e-4,1.001,8.181818181818167,1.1,Beverton-Holt,1202.451331276159,1.1,1.1,3658.6440898919936,10000,1,1.19,4443.63,11791.75
19,K,Beverton-Holt,5565.8,4870.69,6457,163761.9449,1,-44.342,10000,Ricker,1085.482198065044,1.1,1.1,4257.348911099839,10000,1.4,1.16,1840.11,5565.8
19,Smsy,Beverton-Holt,1840.11,1158.01,2365.49,99183.4309,1.001,-56.77803162427137,4257.348911099839,Ricker,1085.482198065044,1.1,1.1,4257.348911099839,10000,1.4,1.16,1840.11,5565.8
19,alpha,Beverton-Holt,1.4,0.88,2.56,0.3776,1.001,27.272727272727256,1.1,Ricker,1085.482198065044,1.1,1.1,4257.348911099839,10000,1.4,1.16,1840.11,5565.8
19,sigma,Beverton-Holt,1.16,1.09,1.23,0.0013,1.001,5.454545454545439,1.1,Ricker,1085.482198065044,1.1,1.1,4257.348911099839,10000,1.4,1.16,1840.11,5565.8
19,K,Ricker,18898.85,14811.14,26361.53,8610507.747,1.001,88.98849999999999,10000,Beverton-Holt,1202.451331276159,1.1,1.1,3658.6440898919936,10000,0.46,1.22,8867.35,18898.85
19,Smsy,Ricker,8867.35,6978.9,12465.7,1949181.4227,1.001,142.36711147986446,3658.6440898919936,Beverton-Holt,1202.451331276159,1.1,1.1,3658.6440898919936,10000,0.46,1.22,8867.35,18898.85
19,alpha,Ricker,0.46,0.34,0.59,0.0041,1.002,-58.18181818181819,1.1,Beverton-Holt,1202.451331276159,1.1,1.1,3658.6440898919936,10000,0.46,1.22,8867.35,18898.85
19,sigma,Ricker,1.22,1.16,1.28,9e-4,1.001,10.9090909090909,1.1,Beverton-Holt,1202.451331276159,1.1,1.1,3658.6440898919936,10000,0.46,1.22,8867.35,18898.85
19,K,Ricker,6828.74,5381.59,8274.73,546124.883,1.001,-31.7126,10000,Ricker,1085.482198065044,1.1,1.1,4257.348911099839,10000,0.48,1.18,3194.85,6828.74
19,Smsy,Ricker,3194.85,2565.98,3849.96,106638.1763,1.001,-24.95682015466649,4257.348911099839,Ricker,1085.482198065044,1.1,1.1,4257.348911099839,10000,0.48,1.18,3194.85,6828.74
19,alpha,Ricker,0.48,0.32,0.64,0.0068,1.001,-56.363636363636374,1.1,Ricker,1085.482198065044,1.1,1.1,4257.348911099839,10000,0.48,1.18,3194.85,6828.74
19,sigma,Ricker,1.18,1.11,1.25,0.0013,1.001,7.272727272727258,1.1,Ricker,1085.482198065044,1.1,1.1,4257.348911099839,10000,0.48,1.18,3194.85,6828.74
20,K,Beverton-Holt,11797.1,10012.06,14448.85,1329693.9943,1,17.971000000000004,10000,Beverton-Holt,1202.451331276159,1.1,1.1,3658.6440898919936,10000,1,1.19,4444.05,11797.1
20,Smsy,Beverton-Holt,4444.05,3525.18,5757.06,335149.4812,1.001,21.467130740535968,3658.6440898919936,Beverton-Holt,1202.451331276159,1.1,1.1,3658.6440898919936,10000,1,1.19,4444.05,11797.1
20,alpha,Beverton-Holt,1,0.73,1.33,0.0251,1.001,-9.090909090909099,1.1,Beverton-Holt,1202.451331276159,1.1,1.1,3658.6440898919936,10000,1,1.19,4444.05,11797.1
20,sigma,Beverton-Holt,1.19,1.14,1.25,9e-4,1.001,8.181818181818167,1.1,Beverton-Holt,1202.451331276159,1.1,1.1,3658.6440898919936,10000,1,1.19,4444.05,11797.1
20,K,Beverton-Holt,5564.51,4889.03,6431.36,152080.7029,1.001,-44.3549,10000,Ricker,1085.482198065044,1.1,1.1,4257.348911099839,10000,1.41,1.16,1839.49,5564.51
20,Smsy,Beverton-Holt,1839.49,1228.17,2351.49,85442.1067,1.002,-56.792594677780635,4257.348911099839,Ricker,1085.482198065044,1.1,1.1,4257.348911099839,10000,1.41,1.16,1839.49,5564.51
20,alpha,Beverton-Holt,1.41,0.88,2.41,0.2621,1.002,28.181818181818162,1.1,Ricker,1085.482198065044,1.1,1.1,4257.348911099839,10000,1.41,1.16,1839.49,5564.51
20,sigma,Beverton-Holt,1.16,1.09,1.23,0.0012,1.001,5.454545454545439,1.1,Ricker,1085.482198065044,1.1,1.1,4257.348911099839,10000,1.41,1.16,1839.49,5564.51
20,K,Ricker,18899.45,14868.46,25982.56,8120869.3986,1,88.99450000000002,10000,Beverton-Holt,1202.451331276159,1.1,1.1,3658.6440898919936,10000,0.46,1.22,8877.56,18899.45
20,Smsy,Ricker,8877.56,7003.62,12238.15,1830716.358,1,142.64617661298868,3658.6440898919936,Beverton-Holt,1202.451331276159,1.1,1.1,3658.6440898919936,10000,0.46,1.22,8877.56,18899.45
20,alpha,Ricker,0.46,0.34,0.59,0.0039,1.001,-58.18181818181819,1.1,Beverton-Holt,1202.451331276159,1.1,1.1,3658.6440898919936,10000,0.46,1.22,8877.56,18899.45
20,sigma,Ricker,1.22,1.16,1.28,9e-4,1.001,10.9090909090909,1.1,Beverton-Holt,1202.451331276159,1.1,1.1,3658.6440898919936,10000,0.46,1.22,8877.56,18899.45
20,K,Ricker,6829.4,5452.95,8240.62,509068.6822,1,-31.706000000000007,10000,Ricker,1085.482198065044,1.1,1.1,4257.348911099839,10000,0.49,1.18,3191.93,6829.4
20,Smsy,Ricker,3191.93,2594.96,3825.48,98964.625,1,-25.02540743893598,4257.348911099839,Ricker,1085.482198065044,1.1,1.1,4257.348911099839,10000,0.49,1.18,3191.93,6829.4
20,alpha,Ricker,0.49,0.33,0.64,0.0065,1.001,-55.45454545454545,1.1,Ricker,1085.482198065044,1.1,1.1,4257.348911099839,10000,0.49,1.18,3191.93,6829.4
20,sigma,Ricker,1.18,1.11,1.26,0.0013,1.001,7.272727272727258,1.1,Ricker,1085.482198065044,1.1,1.1,4257.348911099839,10000,0.49,1.18,3191.93,6829.4
21,K,Beverton-Holt,11759.25,10023.06,14268.28,1206395.0082,1,17.5925,10000,Beverton-Holt,1202.451331276159,1.1,1.1,3658.6440898919936,10000,1,1.19,4428.4,11759.25
21,Smsy,Beverton-Holt,4428.4,3538.41,5667.4,300492.1782,1,21.039376643239702,3658.6440898919936,Beverton-Holt,1202.451331276159,1.1,1.1,3658.6440898919936,10000,1,1.19,4428.4,11759.25
21,alpha,Beverton-Holt,1,0.74,1.34,0.0237,1.001,-9.090909090909099,1.1,Beverton-Holt,1202.451331276159,1.1,1.1,3658.6440898919936,10000,1,1.19,4428.4,11759.25
21,sigma,Beverton-Holt,1.19,1.14,1.25,8e-4,1.001,8.181818181818167,1.1,Beverton-Holt,1202.451331276159,1.1,1.1,3658.6440898919936,10000,1,1.19,4428.4,11759.25
21,K,Beverton-Holt,5573.82,4902.59,6404.91,144896.7208,1,-44.2618,10000,Ricker,1085.482198065044,1.1,1.1,4257.348911099839,10000,1.4,1.16,1846.69,5573.82
21,Smsy,Beverton-Holt,1846.69,1253.83,2343.81,78157.448,1.001,-56.62347534670518,4257.348911099839,Ricker,1085.482198065044,1.1,1.1,4257.348911099839,10000,1.4,1.16,1846.69,5573.82
21,alpha,Beverton-Holt,1.4,0.89,2.36,0.2272,1.001,27.272727272727256,1.1,Ricker,1085.482198065044,1.1,1.1,4257.348911099839,10000,1.4,1.16,1846.69,5573.82
21,sigma,Beverton-Holt,1.16,1.09,1.23,0.0012,1.002,5.454545454545439,1.1,Ricker,1085.482198065044,1.1,1.1,4257.348911099839,10000,1.4,1.16,1846.69,5573.82
21,K,Ricker,18933.95,15009.98,26022.27,7883754.7918,1.002,89.33950000000002,10000,Beverton-Holt,1202.451331276159,1.1,1.1,3658.6440898919936,10000,0.46,1.22,8889.34,18933.95
21,Smsy,Ricker,8889.34,7065.79,12272.83,1775063.9365,1.002,142.9681538184935,3658.6440898919936,Beverton-Holt,1202.451331276159,1.1,1.1,3658.6440898919936,10000,0.46,1.22,8889.34,18933.95
21,alpha,Ricker,0.46,0.34,0.58,0.0036,1.001,-58.18181818181819,1.1,Beverton-Holt,1202.451331276159,1.1,1.1,3658.6440898919936,10000,0.46,1.22,8889.34,18933.95
21,sigma,Ricker,1.22,1.16,1.28,9e-4,1.001,10.9090909090909,1.1,Beverton-Holt,1202.451331276159,1.1,1.1,3658.6440898919936,10000,0.46,1.22,8889.34,18933.95
21,K,Ricker,6821.93,5439.37,8224.25,496681.3002,1,-31.7807,10000,Ricker,1085.482198065044,1.1,1.1,4257.348911099839,10000,0.48,1.18,3191.77,6821.93
21,Smsy,Ricker,3191.77,2593.64,3827.73,96890.4454,1,-25.029165646293208,4257.348911099839,Ricker,1085.482198065044,1.1,1.1,4257.348911099839,10000,0.48,1.18,3191.77,6821.93
21,alpha,Ricker,0.48,0.33,0.63,0.0061,1.001,-56.363636363636374,1.1,Ricker,1085.482198065044,1.1,1.1,4257.348911099839,10000,0.48,1.18,3191.77,6821.93
21,sigma,Ricker,1.18,1.12,1.25,0.0012,1.001,7.272727272727258,1.1,Ricker,1085.482198065044,1.1,1.1,4257.348911099839,10000,0.48,1.18,3191.77,6821.93
22,K,Beverton-Holt,11739.85,10039.18,14255.24,1134515.6782,1,17.398500000000002,10000,Beverton-Holt,1202.451331276159,1.1,1.1,3658.6440898919936,10000,1.01,1.19,4421.55,11739.85
22,Smsy,Beverton-Holt,4421.55,3540.99,5651.31,281136.6608,1.001,20.852148811515804,3658.6440898919936,Beverton-Holt,1202.451331276159,1.1,1.1,3658.6440898919936,10000,1.01,1.19,4421.55,11739.85
22,alpha,Beverton-Holt,1.01,0.75,1.33,0.0218,1.001,-8.181818181818187,1.1,Beverton-Holt,1202.451331276159,1.1,1.1,3658.6440898919936,10000,1.01,1.19,4421.55,11739.85
22,sigma,Beverton-Holt,1.19,1.14,1.25,8e-4,1.001,8.181818181818167,1.1,Beverton-Holt,1202.451331276159,1.1,1.1,3658.6440898919936,10000,1.01,1.19,4421.55,11739.85
22,K,Beverton-Holt,5570.5,4911.19,6415.08,143272.1248,1,-44.295,10000,Ricker,1085.482198065044,1.1,1.1,4257.348911099839,10000,1.4,1.16,1841.68,5570.5
22,Smsy,Beverton-Holt,1841.68,1264.03,2338.32,79536.895,1.001,-56.741154214578515,4257.348911099839,Ricker,1085.482198065044,1.1,1.1,4257.348911099839,10000,1.4,1.16,1841.68,5570.5
22,alpha,Beverton-Holt,1.4,0.9,2.34,0.2574,1.001,27.272727272727256,1.1,Ricker,1085.482198065044,1.1,1.1,4257.348911099839,10000,1.4,1.16,1841.68,5570.5
22,sigma,Beverton-Holt,1.16,1.1,1.22,0.0011,1.001,5.454545454545439,1.1,Ricker,1085.482198065044,1.1,1.1,4257.348911099839,10000,1.4,1.16,1841.68,5570.5
22,K,Ricker,18899.3,15043.92,25350.94,7142199.421,1,88.993,10000,Beverton-Holt,1202.451331276159,1.1,1.1,3658.6440898919936,10000,0.46,1.22,8874.26,18899.3
22,Smsy,Ricker,8874.26,7082.21,11964.6,1610208.7263,1,142.55597926339908,3658.6440898919936,Beverton-Holt,1202.451331276159,1.1,1.1,3658.6440898919936,10000,0.46,1.22,8874.26,18899.3
22,alpha,Ricker,0.46,0.35,0.58,0.0036,1.001,-58.18181818181819,1.1,Beverton-Holt,1202.451331276159,1.1,1.1,3658.6440898919936,10000,0.46,1.22,8874.26,18899.3
22,sigma,Ricker,1.22,1.16,1.27,8e-4,1.001,10.9090909090909,1.1,Beverton-Holt,1202.451331276159,1.1,1.1,3658.6440898919936,10000,0.46,1.22,8874.26,18899.3
22,K,Ricker,6828.38,5491.96,8156.67,469853.6876,1.001,-31.7162,10000,Ricker,1085.482198065044,1.1,1.1,4257.348911099839,10000,0.48,1.18,3195.07,6828.38
22,Smsy,Ricker,3195.07,2610.72,3791.63,91426.9815,1.001,-24.95165261955029,4257.348911099839,Ricker,1085.482198065044,1.1,1.1,4257.348911099839,10000,0.48,1.18,3195.07,6828.38
22,alpha,Ricker,0.48,0.34,0.64,0.006,1.001,-56.363636363636374,1.1,Ricker,1085.482198065044,1.1,1.1,4257.348911099839,10000,0.48,1.18,3195.07,6828.38
22,sigma,Ricker,1.18,1.12,1.25,0.0011,1.001,7.272727272727258,1.1,Ricker,1085.482198065044,1.1,1.1,4257.348911099839,10000,0.48,1.18,3195.07,6828.38
23,K,Beverton-Holt,11755.6,10079.39,14185.29,1080672.1817,1,17.556000000000004,10000,Beverton-Holt,1202.451331276159,1.1,1.1,3658.6440898919936,10000,1.01,1.19,4419.88,11755.6
23,Smsy,Beverton-Holt,4419.88,3558.32,5624.38,276004.1701,1,20.806503486117418,3658.6440898919936,Beverton-Holt,1202.451331276159,1.1,1.1,3658.6440898919936,10000,1.01,1.19,4419.88,11755.6
23,alpha,Beverton-Holt,1.01,0.75,1.33,0.022,1,-8.181818181818187,1.1,Beverton-Holt,1202.451331276159,1.1,1.1,3658.6440898919936,10000,1.01,1.19,4419.88,11755.6
23,sigma,Beverton-Holt,1.19,1.14,1.25,8e-4,1.001,8.181818181818167,1.1,Beverton-Holt,1202.451331276159,1.1,1.1,3658.6440898919936,10000,1.01,1.19,4419.88,11755.6
23,K,Beverton-Holt,5572.57,4924.94,6348.82,131533.2463,1.001,-44.2743,10000,Ricker,1085.482198065044,1.1,1.1,4257.348911099839,10000,1.4,1.16,1840.72,5572.57
23,Smsy,Beverton-Holt,1840.72,1315.42,2311.17,65103.3511,1.002,-56.763703458721906,4257.348911099839,Ricker,1085.482198065044,1.1,1.1,4257.348911099839,10000,1.4,1.16,1840.72,5572.57
23,alpha,Beverton-Holt,1.4,0.92,2.25,0.1295,1.002,27.272727272727256,1.1,Ricker,1085.482198065044,1.1,1.1,4257.348911099839,10000,1.4,1.16,1840.72,5572.57
23,sigma,Beverton-Holt,1.16,1.1,1.22,0.001,1.001,5.454545454545439,1.1,Ricker,1085.482198065044,1.1,1.1,4257.348911099839,10000,1.4,1.16,1840.72,5572.57
23,K,Ricker,18902.5,15159.39,25194.5,6639968.8366,1.001,89.025,10000,Beverton-Holt,1202.451331276159,1.1,1.1,3658.6440898919936,10000,0.47,1.22,8872.51,18902.5
23,Smsy,Ricker,8872.51,7140.57,11920.91,1493931.5905,1.001,142.50814733558641,3658.6440898919936,Beverton-Holt,1202.451331276159,1.1,1.1,3658.6440898919936,10000,0.47,1.22,8872.51,18902.5
23,alpha,Ricker,0.47,0.35,0.58,0.0034,1.001,-57.27272727272728,1.1,Beverton-Holt,1202.451331276159,1.1,1.1,3658.6440898919936,10000,0.47,1.22,8872.51,18902.5
23,sigma,Ricker,1.22,1.16,1.27,8e-4,1,10.9090909090909,1.1,Beverton-Holt,1202.451331276159,1.1,1.1,3658.6440898919936,10000,0.47,1.22,8872.51,18902.5
23,K,Ricker,6826.87,5495.08,8129.81,450666.6029,1.001,-31.7313,10000,Ricker,1085.482198065044,1.1,1.1,4257.348911099839,10000,0.49,1.18,3194.73,6826.87
23,Smsy,Ricker,3194.73,2618.42,3780.19,87345.1146,1.001,-24.959638810184412,4257.348911099839,Ricker,1085.482198065044,1.1,1.1,4257.348911099839,10000,0.49,1.18,3194.73,6826.87
23,alpha,Ricker,0.49,0.33,0.63,0.0058,1.001,-55.45454545454545,1.1,Ricker,1085.482198065044,1.1,1.1,4257.348911099839,10000,0.49,1.18,3194.73,6826.87
23,sigma,Ricker,1.18,1.12,1.25,0.0011,1.001,7.272727272727258,1.1,Ricker,1085.482198065044,1.1,1.1,4257.348911099839,10000,0.49,1.18,3194.73,6826.87
24,K,Beverton-Holt,11769.35,10143.6,14097.02,1006401.3096,1.001,17.693500000000004,10000,Beverton-Holt,1202.451331276159,1.1,1.1,3658.6440898919936,10000,1,1.19,4429.9,11769.35
24,Smsy,Beverton-Holt,4429.9,3596.68,5571.02,253680.5492,1.001,21.080375438507716,3658.6440898919936,Beverton-Holt,1202.451331276159,1.1,1.1,3658.6440898919936,10000,1,1.19,4429.9,11769.35
24,alpha,Beverton-Holt,1,0.75,1.31,0.0202,1.001,-9.090909090909099,1.1,Beverton-Holt,1202.451331276159,1.1,1.1,3658.6440898919936,10000,1,1.19,4429.9,11769.35
24,sigma,Beverton-Holt,1.19,1.14,1.25,7e-4,1.001,8.181818181818167,1.1,Beverton-Holt,1202.451331276159,1.1,1.1,3658.6440898919936,10000,1,1.19,4429.9,11769.35
24,K,Beverton-Holt,5569.67,4946.82,6340.79,127581.5317,1,-44.3033,10000,Ricker,1085.482198065044,1.1,1.1,4257.348911099839,10000,1.4,1.16,1841.43,5569.67
24,Smsy,Beverton-Holt,1841.43,1333.62,2299.31,59388.0533,1.002,-56.74702641357419,4257.348911099839,Ricker,1085.482198065044,1.1,1.1,4257.348911099839,10000,1.4,1.16,1841.43,5569.67
24,alpha,Beverton-Holt,1.4,0.92,2.2,0.1098,1.002,27.272727272727256,1.1,Ricker,1085.482198065044,1.1,1.1,4257.348911099839,10000,1.4,1.16,1841.43,5569.67
24,sigma,Beverton-Holt,1.16,1.1,1.22,0.001,1.002,5.454545454545439,1.1,Ricker,1085.482198065044,1.1,1.1,4257.348911099839,10000,1.4,1.16,1841.43,5569.67
24,K,Ricker,18819.7,15164.87,24892.46,6523295.0951,1,88.19700000000002,10000,Beverton-Holt,1202.451331276159,1.1,1.1,3658.6440898919936,10000,0.47,1.22,8830.41,18819.7
24,Smsy,Ricker,8830.41,7142.9,11744.02,1472922.8296,1,141.35744781506423,3658.6440898919936,Beverton-Holt,1202.451331276159,1.1,1.1,3658.6440898919936,10000,0.47,1.22,8830.41,18819.7
24,alpha,Ricker,0.47,0.35,0.58,0.0034,1.001,-57.27272727272728,1.1,Beverton-Holt,1202.451331276159,1.1,1.1,3658.6440898919936,10000,0.47,1.22,8830.41,18819.7
24,sigma,Ricker,1.22,1.16,1.27,8e-4,1.001,10.9090909090909,1.1,Beverton-Holt,1202.451331276159,1.1,1.1,3658.6440898919936,10000,0.47,1.22,8830.41,18819.7
24,K,Ricker,6827.32,5569.96,8100.55,418251.6611,1.001,-31.7268,10000,Ricker,1085.482198065044,1.1,1.1,4257.348911099839,10000,0.48,1.18,3194.63,6827.32
24,Smsy,Ricker,3194.63,2646.84,3766.59,80997.7224,1,-24.961987689782678,4257.348911099839,Ricker,1085.482198065044,1.1,1.1,4257.348911099839,10000,0.48,1.18,3194.63,6827.32
24,alpha,Ricker,0.48,0.34,0.64,0.0057,1.001,-56.363636363636374,1.1,Ricker,1085.482198065044,1.1,1.1,4257.348911099839,10000,0.48,1.18,3194.63,6827.32
24,sigma,Ricker,1.18,1.12,1.25,0.0011,1.001,7.272727272727258,1.1,Ricker,1085.482198065044,1.1,1.1,4257.348911099839,10000,0.48,1.18,3194.63,6827.32
25,K,Beverton-Holt,11766.1,10152.79,14004.6,974049.5897,1,17.661,10000,Beverton-Holt,1202.451331276159,1.1,1.1,3658.6440898919936,10000,1.01,1.19,4420.24,11766.1
25,Smsy,Beverton-Holt,4420.24,3585.7,5541.37,246042.3942,1.001,20.81634319698173,3658.6440898919936,Beverton-Holt,1202.451331276159,1.1,1.1,3658.6440898919936,10000,1.01,1.19,4420.24,11766.1
25,alpha,Beverton-Holt,1.01,0.76,1.32,0.0197,1.002,-8.181818181818187,1.1,Beverton-Holt,1202.451331276159,1.1,1.1,3658.6440898919936,10000,1.01,1.19,4420.24,11766.1
25,sigma,Beverton-Holt,1.19,1.14,1.24,7e-4,1.001,8.181818181818167,1.1,Beverton-Holt,1202.451331276159,1.1,1.1,3658.6440898919936,10000,1.01,1.19,4420.24,11766.1
25,K,Beverton-Holt,5568.59,4952.99,6326.1,123993.4261,1,-44.3141,10000,Ricker,1085.482198065044,1.1,1.1,4257.348911099839,10000,1.4,1.16,1846.9,5568.59
25,Smsy,Beverton-Holt,1846.9,1323.08,2299.09,64031.7077,1.001,-56.61854269954881,4257.348911099839,Ricker,1085.482198065044,1.1,1.1,4257.348911099839,10000,1.4,1.16,1846.9,5568.59
25,alpha,Beverton-Holt,1.4,0.93,2.2,0.1645,1.001,27.272727272727256,1.1,Ricker,1085.482198065044,1.1,1.1,4257.348911099839,10000,1.4,1.16,1846.9,5568.59
25,sigma,Beverton-Holt,1.16,1.1,1.22,0.001,1.001,5.454545454545439,1.1,Ricker,1085.482198065044,1.1,1.1,4257.348911099839,10000,1.4,1.16,1846.9,5568.59
25,K,Ricker,18877.1,15329.94,24849.04,5789132.528,1,88.77099999999999,10000,Beverton-Holt,1202.451331276159,1.1,1.1,3658.6440898919936,10000,0.47,1.22,8858.83,18877.1
25,Smsy,Ricker,8858.83,7192.05,11732.67,1305058.1771,1,142.13423832274214,3658.6440898919936,Beverton-Holt,1202.451331276159,1.1,1.1,3658.6440898919936,10000,0.47,1.22,8858.83,18877.1
25,alpha,Ricker,0.47,0.36,0.58,0.0032,1.001,-57.27272727272728,1.1,Beverton-Holt,1202.451331276159,1.1,1.1,3658.6440898919936,10000,0.47,1.22,8858.83,18877.1
25,sigma,Ricker,1.22,1.16,1.27,8e-4,1,10.9090909090909,1.1,Beverton-Holt,1202.451331276159,1.1,1.1,3658.6440898919936,10000,0.47,1.22,8858.83,18877.1
25,K,Ricker,6827.17,5581.05,8070.19,409421.7964,1,-31.7283,10000,Ricker,1085.482198065044,1.1,1.1,4257.348911099839,10000,0.48,1.18,3194.75,6827.17
25,Smsy,Ricker,3194.75,2648.85,3744.14,79617.4274,1,-24.959169034264757,4257.348911099839,Ricker,1085.482198065044,1.1,1.1,4257.348911099839,10000,0.48,1.18,3194.75,6827.17
25,alpha,Ricker,0.48,0.34,0.63,0.0053,1.002,-56.363636363636374,1.1,Ricker,1085.482198065044,1.1,1.1,4257.348911099839,10000,0.48,1.18,3194.75,6827.17
25,sigma,Ricker,1.18,1.12,1.24,0.001,1.001,7.272727272727258,1.1,Ricker,1085.482198065044,1.1,1.1,4257.348911099839,10000,0.48,1.18,3194.75,6827.17
