simulation,generating_model,parameter,true_value,fitting_model,estimate_median,estimate_lower,estimate_upper,Rhat,error,alpha,sigma,Smsy,K,alpha_estimate,sigma_estimate,Smsy_estimate,K_estimate
1,Ricker,K,9254,Beverton-Holt,21626.56,2029.22,258566.27,1.009,133.69958936676034,3.2067720869787806,1.3859707002561836,2598.287651614329,9254,4.64,13.33,1682.22,21626.56
1,Ricker,Smsy,2598.287651614329,Beverton-Holt,1682.22,64.77,65046.78,1.013,-35.25659104930787,3.2067720869787806,1.3859707002561836,2598.287651614329,9254,4.64,13.33,1682.22,21626.56
1,Ricker,alpha,3.2067720869787806,Beverton-Holt,4.64,0.25,9.73,1.022,44.69378783858371,3.2067720869787806,1.3859707002561836,2598.287651614329,9254,4.64,13.33,1682.22,21626.56
1,Ricker,sigma,1.3859707002561836,Beverton-Holt,13.33,10.83,16.95,1.009,861.7807936009091,3.2067720869787806,1.3859707002561836,2598.287651614329,9254,4.64,13.33,1682.22,21626.56
1,Ricker,K,9254,Ricker,8611.6,7332.35,9910.78,NA,-6.9418629781715975,3.2067720869787806,1.3859707002561836,2598.287651614329,9254,2.94,1.36,2556.76,8611.6
1,Ricker,Smsy,2598.287651614329,Ricker,2556.76,2395.03,2684.1,1,-1.5982699832533034,3.2067720869787806,1.3859707002561836,2598.287651614329,9254,2.94,1.36,2556.76,8611.6
1,Ricker,alpha,3.2067720869787806,Ricker,2.94,2.47,3.42,1.001,-8.31902236089739,3.2067720869787806,1.3859707002561836,2598.287651614329,9254,2.94,1.36,2556.76,8611.6
1,Ricker,sigma,1.3859707002561836,Ricker,1.36,1.1,1.75,1.001,-1.873827509584661,3.2067720869787806,1.3859707002561836,2598.287651614329,9254,2.94,1.36,2556.76,8611.6
2,Beverton-Holt,K,8798,Beverton-Holt,8943.97,6070.44,13632.31,1.001,1.6591270743350688,2.8842531582526085,0.9522698275214737,1682.3205815674628,8798,5.18,0.94,624.3,8943.97
2,Beverton-Holt,Smsy,1682.3205815674628,Beverton-Holt,624.3,65.02,3832.28,1.002,-62.89054495081294,2.8842531582526085,0.9522698275214737,1682.3205815674628,8798,5.18,0.94,624.3,8943.97
2,Beverton-Holt,alpha,2.8842531582526085,Beverton-Holt,5.18,1.26,9.72,1.001,79.59588551298468,2.8842531582526085,0.9522698275214737,1682.3205815674628,8798,5.18,0.94,624.3,8943.97
2,Beverton-Holt,sigma,0.9522698275214737,Beverton-Holt,0.94,0.73,1.3,1.002,-1.2884822312819817,2.8842531582526085,0.9522698275214737,1682.3205815674628,8798,5.18,0.94,624.3,8943.97
2,Beverton-Holt,K,8798,Ricker,10900.48,7115.45,16825.01,NA,23.897249374857914,2.8842531582526085,0.9522698275214737,1682.3205815674628,8798,1.19,1,4498.91,10900.48
2,Beverton-Holt,Smsy,1682.3205815674628,Ricker,4498.91,3185.48,7244.33,1.002,167.42287108015083,2.8842531582526085,0.9522698275214737,1682.3205815674628,8798,1.19,1,4498.91,10900.48
2,Beverton-Holt,alpha,2.8842531582526085,Ricker,1.19,0.53,1.84,1.001,-58.74148576053055,2.8842531582526085,0.9522698275214737,1682.3205815674628,8798,1.19,1,4498.91,10900.48
2,Beverton-Holt,sigma,0.9522698275214737,Ricker,1,0.77,1.37,1.001,5.012252945444706,2.8842531582526085,0.9522698275214737,1682.3205815674628,8798,1.19,1,4498.91,10900.48
3,Ricker,K,8157,Beverton-Holt,44967.82,3066.78,602977.31,1.012,451.27890155694496,2.194042596912078,1.7859915055029725,2830.4967142616733,8157,3.11,12.1,6040.15,44967.82
3,Ricker,Smsy,2830.4967142616733,Beverton-Holt,6040.15,122.29,146554.38,1.016,113.39540758221848,2.194042596912078,1.7859915055029725,2830.4967142616733,8157,3.11,12.1,6040.15,44967.82
3,Ricker,alpha,2.194042596912078,Beverton-Holt,3.11,0.1,9.78,1.021,41.747475841036604,2.194042596912078,1.7859915055029725,2830.4967142616733,8157,3.11,12.1,6040.15,44967.82
3,Ricker,sigma,1.7859915055029725,Beverton-Holt,12.1,9.31,16.63,1.026,577.4948236157701,2.194042596912078,1.7859915055029725,2830.4967142616733,8157,3.11,12.1,6040.15,44967.82
3,Ricker,K,8157,Ricker,8365.71,5371.55,11346.99,NA,2.5586612725266535,2.194042596912078,1.7859915055029725,2830.4967142616733,8157,2.38,2.23,2786.2,8365.71
3,Ricker,Smsy,2830.4967142616733,Ricker,2786.2,2128.12,3154.44,1,-1.5649802396336001,2.194042596912078,1.7859915055029725,2830.4967142616733,8157,2.38,2.23,2786.2,8365.71
3,Ricker,alpha,2.194042596912078,Ricker,2.38,1.48,3.32,1,8.475560289925117,2.194042596912078,1.7859915055029725,2830.4967142616733,8157,2.38,2.23,2786.2,8365.71
3,Ricker,sigma,1.7859915055029725,Ricker,2.23,1.74,2.97,1.001,24.86061625315432,2.194042596912078,1.7859915055029725,2830.4967142616733,8157,2.38,2.23,2786.2,8365.71
4,Ricker,K,8725,Beverton-Holt,6253.84,2884.9,16765.82,1.014,-28.32275071633238,1.3829468947502488,1.3880508326937513,3536.8239721258274,8725,4.24,2.06,630.32,6253.84
4,Ricker,Smsy,3536.8239721258274,Beverton-Holt,630.32,43.44,4704.05,1.015,-82.17836101067978,1.3829468947502488,1.3880508326937513,3536.8239721258274,8725,4.24,2.06,630.32,6253.84
4,Ricker,alpha,1.3829468947502488,Beverton-Holt,4.24,0.63,9.62,1.003,206.59167145862943,1.3829468947502488,1.3880508326937513,3536.8239721258274,8725,4.24,2.06,630.32,6253.84
4,Ricker,sigma,1.3880508326937513,Beverton-Holt,2.06,1.62,2.7,1.002,48.40955039104843,1.3829468947502488,1.3880508326937513,3536.8239721258274,8725,4.24,2.06,630.32,6253.84
4,Ricker,K,8725,Ricker,9362.56,6875.35,11987.77,NA,7.307277936962745,1.3829468947502488,1.3880508326937513,3536.8239721258274,8725,1.5,1.13,3710.09,9362.56
4,Ricker,Smsy,3536.8239721258274,Ricker,3710.09,2921.04,4494.31,1,4.898915785453419,1.3829468947502488,1.3880508326937513,3536.8239721258274,8725,1.5,1.13,3710.09,9362.56
4,Ricker,alpha,1.3829468947502488,Ricker,1.5,1.02,1.98,1.001,8.464034714137759,1.3829468947502488,1.3880508326937513,3536.8239721258274,8725,1.5,1.13,3710.09,9362.56
4,Ricker,sigma,1.3880508326937513,Ricker,1.13,0.89,1.49,1.002,-18.590877698114223,1.3829468947502488,1.3880508326937513,3536.8239721258274,8725,1.5,1.13,3710.09,9362.56
5,Beverton-Holt,K,8808,Beverton-Holt,7083.93,1305.97,16567.08,1.005,-19.573910081743865,0.8372675029660324,1.2700714421133343,3495.399552560644,8808,1.23,1.19,1806.31,7083.93
5,Beverton-Holt,Smsy,3495.399552560644,Beverton-Holt,1806.31,55.86,7113.43,1.009,-48.323218194705625,0.8372675029660324,1.2700714421133343,3495.399552560644,8808,1.23,1.19,1806.31,7083.93
5,Beverton-Holt,alpha,0.8372675029660324,Beverton-Holt,1.23,0.05,9.6,1.024,46.906454107284354,0.8372675029660324,1.2700714421133343,3495.399552560644,8808,1.23,1.19,1806.31,7083.93
5,Beverton-Holt,sigma,1.2700714421133343,Beverton-Holt,1.19,0.94,1.62,1.012,-6.304483311592267,0.8372675029660324,1.2700714421133343,3495.399552560644,8808,1.23,1.19,1806.31,7083.93
5,Beverton-Holt,K,8808,Ricker,7769.81,500.59,25325.3,NA,-11.786898274296089,0.8372675029660324,1.2700714421133343,3495.399552560644,8808,0.28,1.2,3708.51,7769.81
5,Beverton-Holt,Smsy,3495.399552560644,Ricker,3708.51,249.38,11995.2,1.014,6.096883753482102,0.8372675029660324,1.2700714421133343,3495.399552560644,8808,0.28,1.2,3708.51,7769.81
5,Beverton-Holt,alpha,0.8372675029660324,Ricker,0.28,0.01,0.93,1.004,-66.55788036582145,0.8372675029660324,1.2700714421133343,3495.399552560644,8808,0.28,1.2,3708.51,7769.81
5,Beverton-Holt,sigma,1.2700714421133343,Ricker,1.2,0.93,1.63,1.005,-5.517126028496402,0.8372675029660324,1.2700714421133343,3495.399552560644,8808,0.28,1.2,3708.51,7769.81
6,Beverton-Holt,K,8788,Beverton-Holt,6437.02,4130.67,11838.14,1.005,-26.75216203914428,1.3018227427033846,1.2848582330238243,3012.3874729107165,8788,4.56,1.3,586.45,6437.02
6,Beverton-Holt,Smsy,3012.3874729107165,Beverton-Holt,586.45,46.26,3969.37,1.005,-80.53205288915429,1.3018227427033846,1.2848582330238243,3012.3874729107165,8788,4.56,1.3,586.45,6437.02
6,Beverton-Holt,alpha,1.3018227427033846,Beverton-Holt,4.56,0.7,9.7,1,250.27810241896952,1.3018227427033846,1.2848582330238243,3012.3874729107165,8788,4.56,1.3,586.45,6437.02
6,Beverton-Holt,sigma,1.2848582330238243,Beverton-Holt,1.3,1.06,1.67,1,1.178477639555662,1.3018227427033846,1.2848582330238243,3012.3874729107165,8788,4.56,1.3,586.45,6437.02
6,Beverton-Holt,K,8788,Ricker,11901.1,4142.11,29132.42,NA,35.424442421483846,1.3018227427033846,1.2848582330238243,3012.3874729107165,8788,0.62,1.39,5385,11901.1
6,Beverton-Holt,Smsy,3012.3874729107165,Ricker,5385,2019.9,13264.87,1.012,78.7618640837312,1.3018227427033846,1.2848582330238243,3012.3874729107165,8788,0.62,1.39,5385,11901.1
6,Beverton-Holt,alpha,1.3018227427033846,Ricker,0.62,0.14,1.17,1.004,-52.37446853075414,1.3018227427033846,1.2848582330238243,3012.3874729107165,8788,0.62,1.39,5385,11901.1
6,Beverton-Holt,sigma,1.2848582330238243,Ricker,1.39,1.13,1.77,1.007,8.183141476140273,1.3018227427033846,1.2848582330238243,3012.3874729107165,8788,0.62,1.39,5385,11901.1
7,Beverton-Holt,K,8302,Beverton-Holt,7936.94,5528.01,13516.2,1.005,-4.397253673813545,1.1556749392988814,0.80495083855411,2983.99071191394,8302,1.53,0.71,2496.84,7936.94
7,Beverton-Holt,Smsy,2983.99071191394,Beverton-Holt,2496.84,235.71,5088.6,1.009,-16.325476817636602,1.1556749392988814,0.80495083855411,2983.99071191394,8302,1.53,0.71,2496.84,7936.94
7,Beverton-Holt,alpha,1.1556749392988814,Beverton-Holt,1.53,0.78,6.51,1.016,32.39016854758589,1.1556749392988814,0.80495083855411,2983.99071191394,8302,1.53,0.71,2496.84,7936.94
7,Beverton-Holt,sigma,0.80495083855411,Beverton-Holt,0.71,0.57,0.91,1.004,-11.795855598419541,1.1556749392988814,0.80495083855411,2983.99071191394,8302,1.53,0.71,2496.84,7936.94
7,Beverton-Holt,K,8302,Ricker,8724.04,6698.8,13151.42,NA,5.083594314622993,1.1556749392988814,0.80495083855411,2983.99071191394,8302,1.03,0.7,3747.7,8724.04
7,Beverton-Holt,Smsy,2983.99071191394,Ricker,3747.7,2879.53,5782.28,1.001,25.593554465061146,1.1556749392988814,0.80495083855411,2983.99071191394,8302,1.03,0.7,3747.7,8724.04
7,Beverton-Holt,alpha,1.1556749392988814,Ricker,1.03,0.65,1.42,1.005,-10.874592415677473,1.1556749392988814,0.80495083855411,2983.99071191394,8302,1.03,0.7,3747.7,8724.04
7,Beverton-Holt,sigma,0.80495083855411,Ricker,0.7,0.57,0.9,1.001,-13.038167491399548,1.1556749392988814,0.80495083855411,2983.99071191394,8302,1.03,0.7,3747.7,8724.04
8,Beverton-Holt,K,8302,Beverton-Holt,7154.83,4386.83,13747.65,1.008,-13.817995663695495,2.111932060733769,0.9362513822004593,2142.589341515727,8302,3.26,1.2,1124.78,7154.83
8,Beverton-Holt,Smsy,2142.589341515727,Beverton-Holt,1124.78,56.41,5102.95,1.009,-47.50370599695509,2.111932060733769,0.9362513822004593,2142.589341515727,8302,3.26,1.2,1124.78,7154.83
8,Beverton-Holt,alpha,2.111932060733769,Beverton-Holt,3.26,0.48,9.52,1.005,54.36102612445527,2.111932060733769,0.9362513822004593,2142.589341515727,8302,3.26,1.2,1124.78,7154.83
8,Beverton-Holt,sigma,0.9362513822004593,Beverton-Holt,1.2,0.94,1.57,1.002,28.1707053056259,2.111932060733769,0.9362513822004593,2142.589341515727,8302,3.26,1.2,1124.78,7154.83
8,Beverton-Holt,K,8302,Ricker,10844.92,2980.04,21222.08,NA,30.630209588051073,2.111932060733769,0.9362513822004593,2142.589341515727,8302,0.66,1.28,4871.71,10844.92
8,Beverton-Holt,Smsy,2142.589341515727,Ricker,4871.71,1457.69,9430.3,1.001,127.37488260599754,2.111932060733769,0.9362513822004593,2142.589341515727,8302,0.66,1.28,4871.71,10844.92
8,Beverton-Holt,alpha,2.111932060733769,Ricker,0.66,0.13,1.23,1.002,-68.74899471099985,2.111932060733769,0.9362513822004593,2142.589341515727,8302,0.66,1.28,4871.71,10844.92
8,Beverton-Holt,sigma,0.9362513822004593,Ricker,1.28,1.02,1.68,1,36.71541899266763,2.111932060733769,0.9362513822004593,2142.589341515727,8302,0.66,1.28,4871.71,10844.92
9,Beverton-Holt,K,8592,Beverton-Holt,14780.14,6341.44,52862.3,1.011,72.02211359404097,1.2786428548516533,1.2833891291997057,2967.6763511113327,8592,1.67,1.22,3706.49,14780.14
9,Beverton-Holt,Smsy,2967.6763511113327,Beverton-Holt,3706.49,109.83,22629.2,1.011,24.89535789884894,1.2786428548516533,1.2833891291997057,2967.6763511113327,8592,1.67,1.22,3706.49,14780.14
9,Beverton-Holt,alpha,1.2786428548516533,Beverton-Holt,1.67,0.14,9.59,1.003,30.6072288804798,1.2786428548516533,1.2833891291997057,2967.6763511113327,8592,1.67,1.22,3706.49,14780.14
9,Beverton-Holt,sigma,1.2833891291997057,Beverton-Holt,1.22,0.93,1.67,1.008,-4.939197921929872,1.2786428548516533,1.2833891291997057,2967.6763511113327,8592,1.67,1.22,3706.49,14780.14
9,Beverton-Holt,K,8592,Ricker,21421.86,3946.24,62220.92,NA,149.32332402234636,1.2786428548516533,1.2833891291997057,2967.6763511113327,8592,0.49,1.23,9889.35,21421.86
9,Beverton-Holt,Smsy,2967.6763511113327,Ricker,9889.35,1955.5,28641.62,1.002,233.2354620239045,1.2786428548516533,1.2833891291997057,2967.6763511113327,8592,0.49,1.23,9889.35,21421.86
9,Beverton-Holt,alpha,1.2786428548516533,Ricker,0.49,0.06,1.14,1.007,-61.67811847219455,1.2786428548516533,1.2833891291997057,2967.6763511113327,8592,0.49,1.23,9889.35,21421.86
9,Beverton-Holt,sigma,1.2833891291997057,Ricker,1.23,0.95,1.7,1.011,-4.160011019650607,1.2786428548516533,1.2833891291997057,2967.6763511113327,8592,0.49,1.23,9889.35,21421.86
10,Ricker,K,8384,Beverton-Holt,7400.82,5324.18,10415.19,1,-11.726860687022905,1.7495400948945106,1.0292609761441132,3175.8051897828855,8384,5.77,1.17,388.02,7400.82
10,Ricker,Smsy,3175.8051897828855,Beverton-Holt,388.02,52.6,2071.98,1,-87.7819961612152,1.7495400948945106,1.0292609761441132,3175.8051897828855,8384,5.77,1.17,388.02,7400.82
10,Ricker,alpha,1.7495400948945106,Beverton-Holt,5.77,2.16,9.82,1,229.80095836831364,1.7495400948945106,1.0292609761441132,3175.8051897828855,8384,5.77,1.17,388.02,7400.82
10,Ricker,sigma,1.0292609761441132,Beverton-Holt,1.17,0.96,1.46,1,13.673793830514471,1.7495400948945106,1.0292609761441132,3175.8051897828855,8384,5.77,1.17,388.02,7400.82
10,Ricker,K,8384,Ricker,9495.77,7804.19,11375.07,NA,13.260615458015272,1.7495400948945106,1.0292609761441132,3175.8051897828855,8384,1.72,1.07,3592.13,9495.77
10,Ricker,Smsy,3175.8051897828855,Ricker,3592.13,3083.66,4311.17,1,13.109267897051858,1.7495400948945106,1.0292609761441132,3175.8051897828855,8384,1.72,1.07,3592.13,9495.77
10,Ricker,alpha,1.7495400948945106,Ricker,1.72,1.25,2.21,1.004,-1.688449151906503,1.7495400948945106,1.0292609761441132,3175.8051897828855,8384,1.72,1.07,3592.13,9495.77
10,Ricker,sigma,1.0292609761441132,Ricker,1.07,0.89,1.34,1.001,3.9580849561115374,1.7495400948945106,1.0292609761441132,3175.8051897828855,8384,1.72,1.07,3592.13,9495.77
11,Ricker,K,9821,Beverton-Holt,7344.1,3956.75,13774.12,1.002,-25.22044598309744,2.2159930011716265,0.9692680198720878,3392.7616663225444,9821,6.28,1.96,303.71,7344.1
11,Ricker,Smsy,3392.7616663225444,Beverton-Holt,303.71,47.01,2105.82,1.002,-91.0482954634065,2.2159930011716265,0.9692680198720878,3392.7616663225444,9821,6.28,1.96,303.71,7344.1
11,Ricker,alpha,2.2159930011716265,Beverton-Holt,6.28,2.06,9.78,1.001,183.39439685412708,2.2159930011716265,0.9692680198720878,3392.7616663225444,9821,6.28,1.96,303.71,7344.1
11,Ricker,sigma,0.9692680198720878,Beverton-Holt,1.96,1.6,2.52,1,102.2144504735292,2.2159930011716265,0.9692680198720878,3392.7616663225444,9821,6.28,1.96,303.71,7344.1
11,Ricker,K,9821,Ricker,9694.63,8718.21,10668.48,NA,-1.2867325119641666,2.2159930011716265,0.9692680198720878,3392.7616663225444,9821,2.55,0.81,3121.9,9694.63
11,Ricker,Smsy,3392.7616663225444,Ricker,3121.9,2904.19,3365.23,1.001,-7.983515877675386,2.2159930011716265,0.9692680198720878,3392.7616663225444,9821,2.55,0.81,3121.9,9694.63
11,Ricker,alpha,2.2159930011716265,Ricker,2.55,2.19,2.92,1.001,15.072565601596178,2.2159930011716265,0.9692680198720878,3392.7616663225444,9821,2.55,0.81,3121.9,9694.63
11,Ricker,sigma,0.9692680198720878,Ricker,0.81,0.66,1.04,1,-16.431783222674156,2.2159930011716265,0.9692680198720878,3392.7616663225444,9821,2.55,0.81,3121.9,9694.63
12,Ricker,K,9627,Beverton-Holt,7224.13,4493.05,11964.93,1.001,-24.959696686402825,2.2980323379175194,0.8853271775804208,3270.549960491992,9627,6.5,1.76,269.53,7224.13
12,Ricker,Smsy,3270.549960491992,Beverton-Holt,269.53,49.13,1679.25,1.001,-91.75887837654514,2.2980323379175194,0.8853271775804208,3270.549960491992,9627,6.5,1.76,269.53,7224.13
12,Ricker,alpha,2.2980323379175194,Beverton-Holt,6.5,2.44,9.81,1,182.85067589128494,2.2980323379175194,0.8853271775804208,3270.549960491992,9627,6.5,1.76,269.53,7224.13
12,Ricker,sigma,0.8853271775804208,Beverton-Holt,1.76,1.46,2.19,1.001,98.79656296218538,2.2980323379175194,0.8853271775804208,3270.549960491992,9627,6.5,1.76,269.53,7224.13
12,Ricker,K,9627,Ricker,10044.21,8992.41,11089.83,NA,4.333748831411645,2.2980323379175194,0.8853271775804208,3270.549960491992,9627,2.55,0.95,3233.05,10044.21
12,Ricker,Smsy,3270.549960491992,Ricker,3233.05,2995.39,3514.02,1.001,-1.1465949441221976,2.2980323379175194,0.8853271775804208,3270.549960491992,9627,2.55,0.95,3233.05,10044.21
12,Ricker,alpha,2.2980323379175194,Ricker,2.55,2.12,2.96,1.001,10.964495926580996,2.2980323379175194,0.8853271775804208,3270.549960491992,9627,2.55,0.95,3233.05,10044.21
12,Ricker,sigma,0.8853271775804208,Ricker,0.95,0.79,1.19,1.002,7.304962962543241,2.2980323379175194,0.8853271775804208,3270.549960491992,9627,2.55,0.95,3233.05,10044.21
13,Ricker,K,9275,Beverton-Holt,4435.34,2176.63,9888.01,1.005,-52.17962264150943,1.544094840287858,1.5552702479980294,3651.4329529829624,9275,5.96,2.52,216.66,4435.34
13,Ricker,Smsy,3651.4329529829624,Beverton-Holt,216.66,26.63,1745.45,1.005,-94.06643904489596,1.544094840287858,1.5552702479980294,3651.4329529829624,9275,5.96,2.52,216.66,4435.34
13,Ricker,alpha,1.544094840287858,Beverton-Holt,5.96,1.42,9.83,1.001,285.9866534421491,1.544094840287858,1.5552702479980294,3651.4329529829624,9275,5.96,2.52,216.66,4435.34
13,Ricker,sigma,1.5552702479980294,Beverton-Holt,2.52,2.08,3.14,1.003,62.029718194878825,1.544094840287858,1.5552702479980294,3651.4329529829624,9275,5.96,2.52,216.66,4435.34
13,Ricker,K,9275,Ricker,9158.89,6294.48,11863.37,NA,-1.2518598382749389,1.544094840287858,1.5552702479980294,3651.4329529829624,9275,1.59,1.62,3563.84,9158.89
13,Ricker,Smsy,3651.4329529829624,Ricker,3563.84,2708.97,4242.54,1.002,-2.3988651609063516,1.544094840287858,1.5552702479980294,3651.4329529829624,9275,1.59,1.62,3563.84,9158.89
13,Ricker,alpha,1.544094840287858,Ricker,1.59,0.99,2.16,1.003,2.9729494921169586,1.544094840287858,1.5552702479980294,3651.4329529829624,9275,1.59,1.62,3563.84,9158.89
13,Ricker,sigma,1.5552702479980294,Ricker,1.62,1.33,2.03,1.001,4.161961696707822,1.544094840287858,1.5552702479980294,3651.4329529829624,9275,1.59,1.62,3563.84,9158.89
14,Ricker,K,9141,Beverton-Holt,7365.8,4479.42,12017.92,1.001,-19.42019472705393,2.96630743214759,0.1150524579669735,2700.451861158684,9141,6.37,1.35,293.39,7365.8
14,Ricker,Smsy,2700.451861158684,Beverton-Holt,293.39,50.52,1863.28,1,-89.13552193912781,2.96630743214759,0.1150524579669735,2700.451861158684,9141,6.37,1.35,293.39,7365.8
14,Ricker,alpha,2.96630743214759,Beverton-Holt,6.37,2.23,9.79,1,114.74510467002253,2.96630743214759,0.1150524579669735,2700.451861158684,9141,6.37,1.35,293.39,7365.8
14,Ricker,sigma,0.1150524579669735,Beverton-Holt,1.35,1.05,1.81,1.001,1073.3777998793607,2.96630743214759,0.1150524579669735,2700.451861158684,9141,6.37,1.35,293.39,7365.8
14,Ricker,K,9141,Ricker,9171.17,9022.38,9316.35,NA,0.3300514166940168,2.96630743214759,0.1150524579669735,2700.451861158684,9141,2.99,0.13,2693.75,9171.17
14,Ricker,Smsy,2700.451861158684,Ricker,2693.75,2649.89,2741.84,1.002,-0.24817554628833582,2.96630743214759,0.1150524579669735,2700.451861158684,9141,2.99,0.13,2693.75,9171.17
14,Ricker,alpha,2.96630743214759,Ricker,2.99,2.9,3.08,1.005,0.7987226002146629,2.96630743214759,0.1150524579669735,2700.451861158684,9141,2.99,0.13,2693.75,9171.17
14,Ricker,sigma,0.1150524579669735,Ricker,0.13,0.1,0.18,1.002,12.991936284679193,2.96630743214759,0.1150524579669735,2700.451861158684,9141,2.99,0.13,2693.75,9171.17
15,Beverton-Holt,K,9256,Beverton-Holt,8568.8,7282.76,10397.1,1.008,-7.424373379429567,2.630942680253769,0.5180813915668896,1958.3171999224157,9256,5.6,0.53,482.71,8568.8
15,Beverton-Holt,Smsy,1958.3171999224157,Beverton-Holt,482.71,63.99,2395.37,1.012,-75.35077565477523,2.630942680253769,0.5180813915668896,1958.3171999224157,9256,5.6,0.53,482.71,8568.8
15,Beverton-Holt,alpha,2.630942680253769,Beverton-Holt,5.6,2.18,9.75,1.005,112.85146354689296,2.630942680253769,0.5180813915668896,1958.3171999224157,9256,5.6,0.53,482.71,8568.8
15,Beverton-Holt,sigma,0.5180813915668896,Beverton-Holt,0.53,0.44,0.67,1.003,2.300528184782645,2.630942680253769,0.5180813915668896,1958.3171999224157,9256,5.6,0.53,482.71,8568.8
15,Beverton-Holt,K,9256,Ricker,9465.03,8104.13,11665.88,NA,2.2583189282627556,2.630942680253769,0.5180813915668896,1958.3171999224157,9256,1.34,0.59,3853.7,9465.03
15,Beverton-Holt,Smsy,1958.3171999224157,Ricker,3853.7,3262.73,4909.73,1.001,96.78630204303343,2.630942680253769,0.5180813915668896,1958.3171999224157,9256,1.34,0.59,3853.7,9465.03
15,Beverton-Holt,alpha,2.630942680253769,Ricker,1.34,0.95,1.71,1.001,-49.06768550842204,2.630942680253769,0.5180813915668896,1958.3171999224157,9256,1.34,0.59,3853.7,9465.03
15,Beverton-Holt,sigma,0.5180813915668896,Ricker,0.59,0.49,0.75,1.001,13.881720054758027,2.630942680253769,0.5180813915668896,1958.3171999224157,9256,1.34,0.59,3853.7,9465.03
16,Ricker,K,9827,Beverton-Holt,8952.12,6488.44,12605.87,1.001,-8.902818764628057,0.9820733550206203,0.7562763920572849,4266.174984204998,9827,5.89,0.82,445.46,8952.12
16,Ricker,Smsy,4266.174984204998,Beverton-Holt,445.46,64.39,2620.98,1.002,-89.55832797179528,0.9820733550206203,0.7562763920572849,4266.174984204998,9827,5.89,0.82,445.46,8952.12
16,Ricker,alpha,0.9820733550206203,Beverton-Holt,5.89,1.89,9.76,1.002,499.7515328044236,0.9820733550206203,0.7562763920572849,4266.174984204998,9827,5.89,0.82,445.46,8952.12
16,Ricker,sigma,0.7562763920572849,Beverton-Holt,0.82,0.64,1.13,1.001,8.425968152908867,0.9820733550206203,0.7562763920572849,4266.174984204998,9827,5.89,0.82,445.46,8952.12
16,Ricker,K,9827,Ricker,10380.16,8520.87,12676.56,NA,5.628981377836571,0.9820733550206203,0.7562763920572849,4266.174984204998,9827,1.6,0.76,4019.27,10380.16
16,Ricker,Smsy,4266.174984204998,Ricker,4019.27,3408.38,4965.48,1.001,-5.787502507964014,0.9820733550206203,0.7562763920572849,4266.174984204998,9827,1.6,0.76,4019.27,10380.16
16,Ricker,alpha,0.9820733550206203,Ricker,1.6,1.08,2.11,1.002,62.920620116651605,0.9820733550206203,0.7562763920572849,4266.174984204998,9827,1.6,0.76,4019.27,10380.16
16,Ricker,sigma,0.7562763920572849,Ricker,0.76,0.58,1.02,1.001,0.49236072708627426,0.9820733550206203,0.7562763920572849,4266.174984204998,9827,1.6,0.76,4019.27,10380.16
17,Beverton-Holt,K,8354,Beverton-Holt,6626.67,5659.67,8070.47,1.003,-20.67668182906392,1.5573489145865125,0.28085213078300186,2628.2155261997764,8354,2.14,0.31,1688.16,6626.67
17,Beverton-Holt,Smsy,2628.2155261997764,Beverton-Holt,1688.16,111.21,2608.16,1.004,-35.767824854114366,1.5573489145865125,0.28085213078300186,2628.2155261997764,8354,2.14,0.31,1688.16,6626.67
17,Beverton-Holt,alpha,1.5573489145865125,Beverton-Holt,2.14,1.39,7.96,1.004,37.413008732740266,1.5573489145865125,0.28085213078300186,2628.2155261997764,8354,2.14,0.31,1688.16,6626.67
17,Beverton-Holt,sigma,0.28085213078300186,Beverton-Holt,0.31,0.25,0.4,1.003,10.378368551356658,1.5573489145865125,0.28085213078300186,2628.2155261997764,8354,2.14,0.31,1688.16,6626.67
17,Beverton-Holt,K,8354,Ricker,7149.65,6310.61,8358.22,NA,-14.41644721091693,1.5573489145865125,0.28085213078300186,2628.2155261997764,8354,1.16,0.33,3008.84,7149.65
17,Beverton-Holt,Smsy,2628.2155261997764,Ricker,3008.84,2624.24,3598.63,1.001,14.482239755678686,1.5573489145865125,0.28085213078300186,2628.2155261997764,8354,1.16,0.33,3008.84,7149.65
17,Beverton-Holt,alpha,1.5573489145865125,Ricker,1.16,0.95,1.38,1.002,-25.51444386449594,1.5573489145865125,0.28085213078300186,2628.2155261997764,8354,1.16,0.33,3008.84,7149.65
17,Beverton-Holt,sigma,0.28085213078300186,Ricker,0.33,0.26,0.41,1.001,17.499553619186127,1.5573489145865125,0.28085213078300186,2628.2155261997764,8354,1.16,0.33,3008.84,7149.65
18,Beverton-Holt,K,9015,Beverton-Holt,11671.93,5663.96,56745.4,1.02,29.47232390460344,0.8916527457200365,0.7040167508360413,3519.0371656947027,9015,0.62,0.81,4791.3,11671.93
18,Beverton-Holt,Smsy,3519.0371656947027,Beverton-Holt,4791.3,2013.5,25947.54,1.021,36.15371973640797,0.8916527457200365,0.7040167508360413,3519.0371656947027,9015,0.62,0.81,4791.3,11671.93
18,Beverton-Holt,alpha,0.8916527457200365,Beverton-Holt,0.62,0.1,1.74,1.06,-30.46620413877251,0.8916527457200365,0.7040167508360413,3519.0371656947027,9015,0.62,0.81,4791.3,11671.93
18,Beverton-Holt,sigma,0.7040167508360413,Beverton-Holt,0.81,0.65,1.04,1.01,15.054080607897527,0.8916527457200365,0.7040167508360413,3519.0371656947027,9015,0.62,0.81,4791.3,11671.93
18,Beverton-Holt,K,9015,Ricker,11839.28,6259.56,25267.47,NA,31.328674431503057,0.8916527457200365,0.7040167508360413,3519.0371656947027,9015,0.56,0.81,5442.93,11839.28
18,Beverton-Holt,Smsy,3519.0371656947027,Ricker,5442.93,3013.36,11845.72,1.003,54.6710007231622,0.8916527457200365,0.7040167508360413,3519.0371656947027,9015,0.56,0.81,5442.93,11839.28
18,Beverton-Holt,alpha,0.8916527457200365,Ricker,0.56,0.18,0.98,1.009,-37.195281157600974,0.8916527457200365,0.7040167508360413,3519.0371656947027,9015,0.56,0.81,5442.93,11839.28
18,Beverton-Holt,sigma,0.7040167508360413,Ricker,0.81,0.65,1.04,1.003,15.054080607897527,0.8916527457200365,0.7040167508360413,3519.0371656947027,9015,0.56,0.81,5442.93,11839.28
19,Beverton-Holt,K,8077,Beverton-Holt,7264.42,6621.51,8115.36,1.011,-10.060418472205027,2.425232945363808,0.2951196683184518,1851.5587482787303,8077,3.96,0.27,871.3,7264.42
19,Beverton-Holt,Smsy,1851.5587482787303,Beverton-Holt,871.3,56.35,2082.89,1.019,-52.94235190700868,2.425232945363808,0.2951196683184518,1851.5587482787303,8077,3.96,0.27,871.3,7264.42
19,Beverton-Holt,alpha,2.425232945363808,Beverton-Holt,3.96,2.02,9.64,1.015,63.28328408906561,2.425232945363808,0.2951196683184518,1851.5587482787303,8077,3.96,0.27,871.3,7264.42
19,Beverton-Holt,sigma,0.2951196683184518,Beverton-Holt,0.27,0.22,0.35,1.002,-8.511688990971004,2.425232945363808,0.2951196683184518,1851.5587482787303,8077,3.96,0.27,871.3,7264.42
19,Beverton-Holt,K,8077,Ricker,8135.28,7386.07,9112.21,NA,0.7215550328092082,2.425232945363808,0.2951196683184518,1851.5587482787303,8077,1.2,0.32,3398.18,8135.28
19,Beverton-Holt,Smsy,1851.5587482787303,Ricker,3398.18,3061.83,3872.87,1.005,83.53076850297401,2.425232945363808,0.2951196683184518,1851.5587482787303,8077,1.2,0.32,3398.18,8135.28
19,Beverton-Holt,alpha,2.425232945363808,Ricker,1.2,1,1.41,1.005,-50.52021694270739,2.425232945363808,0.2951196683184518,1851.5587482787303,8077,1.2,0.32,3398.18,8135.28
19,Beverton-Holt,sigma,0.2951196683184518,Ricker,0.32,0.26,0.4,1.001,8.430590825515843,2.425232945363808,0.2951196683184518,1851.5587482787303,8077,1.2,0.32,3398.18,8135.28
20,Ricker,K,9173,Beverton-Holt,6150.05,3109.1,12472.23,1.001,-32.954867546059084,2.990415720883143,0.4891996716619831,2696.121222386182,9173,6.14,1.84,278.83,6150.05
20,Ricker,Smsy,2696.121222386182,Beverton-Holt,278.83,37.36,1965.88,1.001,-89.6581059603387,2.990415720883143,0.4891996716619831,2696.121222386182,9173,6.14,1.84,278.83,6150.05
20,Ricker,alpha,2.990415720883143,Beverton-Holt,6.14,1.82,9.82,1.001,105.32262310962929,2.990415720883143,0.4891996716619831,2696.121222386182,9173,6.14,1.84,278.83,6150.05
20,Ricker,sigma,0.4891996716619831,Beverton-Holt,1.84,1.43,2.5,1.001,276.12453699097426,2.990415720883143,0.4891996716619831,2696.121222386182,9173,6.14,1.84,278.83,6150.05
20,Ricker,K,9173,Ricker,9271.34,8599.16,9959.07,NA,1.0720593044805422,2.990415720883143,0.4891996716619831,2696.121222386182,9173,2.87,0.55,2795.22,9271.34
20,Ricker,Smsy,2696.121222386182,Ricker,2795.22,2638.99,2961.36,1,3.6756054138437824,2.990415720883143,0.4891996716619831,2696.121222386182,9173,2.87,0.55,2795.22,9271.34
20,Ricker,alpha,2.990415720883143,Ricker,2.87,2.54,3.18,1.002,-4.0267217712319,2.990415720883143,0.4891996716619831,2696.121222386182,9173,2.87,0.55,2795.22,9271.34
20,Ricker,sigma,0.4891996716619831,Ricker,0.55,0.43,0.75,1.001,12.428530078823826,2.990415720883143,0.4891996716619831,2696.121222386182,9173,2.87,0.55,2795.22,9271.34
21,Beverton-Holt,K,9799,Beverton-Holt,13342.18,9307.43,21290.42,1.003,36.15858761098071,1.3859077825230024,0.7134451631228145,3266.754245077302,9799,1.29,0.78,4552.48,13342.18
21,Beverton-Holt,Smsy,3266.754245077302,Beverton-Holt,4552.48,2234.82,8207.82,1.004,39.357896507218676,1.3859077825230024,0.7134451631228145,3266.754245077302,9799,1.29,0.78,4552.48,13342.18
21,Beverton-Holt,alpha,1.3859077825230024,Beverton-Holt,1.29,0.68,2.67,1.007,-6.920213865052782,1.3859077825230024,0.7134451631228145,3266.754245077302,9799,1.29,0.78,4552.48,13342.18
21,Beverton-Holt,sigma,0.7134451631228145,Beverton-Holt,0.78,0.64,0.97,1.003,9.328654859172213,1.3859077825230024,0.7134451631228145,3266.754245077302,9799,1.29,0.78,4552.48,13342.18
21,Beverton-Holt,K,9799,Ricker,14763.73,11400.06,20075.99,NA,50.66568017144606,1.3859077825230024,0.7134451631228145,3266.754245077302,9799,0.96,0.75,6398.02,14763.73
21,Beverton-Holt,Smsy,3266.754245077302,Ricker,6398.02,5033.1,8801.36,1.001,95.85250435171938,1.3859077825230024,0.7134451631228145,3266.754245077302,9799,0.96,0.75,6398.02,14763.73
21,Beverton-Holt,alpha,1.3859077825230024,Ricker,0.96,0.63,1.26,1.004,-30.731321946085792,1.3859077825230024,0.7134451631228145,3266.754245077302,9799,0.96,0.75,6398.02,14763.73
21,Beverton-Holt,sigma,0.7134451631228145,Ricker,0.75,0.62,0.93,1,5.123706595357893,1.3859077825230024,0.7134451631228145,3266.754245077302,9799,0.96,0.75,6398.02,14763.73
22,Beverton-Holt,K,8066,Beverton-Holt,9895.74,6895.83,16120.86,1.002,22.684602033225882,1.4613797256967063,0.8962340038380374,2621.799741952074,8066,1.49,0.8,3146.35,9895.74
22,Beverton-Holt,Smsy,2621.799741952074,Beverton-Holt,3146.35,351.25,6064.32,1.004,20.00725874117943,1.4613797256967063,0.8962340038380374,2621.799741952074,8066,1.49,0.8,3146.35,9895.74
22,Beverton-Holt,alpha,1.4613797256967063,Beverton-Holt,1.49,0.8,6.12,1.017,1.9584419983416108,1.4613797256967063,0.8962340038380374,2621.799741952074,8066,1.49,0.8,3146.35,9895.74
22,Beverton-Holt,sigma,0.8962340038380374,Beverton-Holt,0.8,0.66,1,1.001,-10.737597929326977,1.4613797256967063,0.8962340038380374,2621.799741952074,8066,1.49,0.8,3146.35,9895.74
22,Beverton-Holt,K,8066,Ricker,11130.63,8672.2,15762.75,NA,37.994421026531114,1.4613797256967063,0.8962340038380374,2621.799741952074,8066,1.04,0.8,4770.06,11130.63
22,Beverton-Holt,Smsy,2621.799741952074,Ricker,4770.06,3730.12,6946.47,1.002,81.93838086384235,1.4613797256967063,0.8962340038380374,2621.799741952074,8066,1.04,0.8,4770.06,11130.63
22,Beverton-Holt,alpha,1.4613797256967063,Ricker,1.04,0.68,1.42,1.002,-28.834376054848807,1.4613797256967063,0.8962340038380374,2621.799741952074,8066,1.04,0.8,4770.06,11130.63
22,Beverton-Holt,sigma,0.8962340038380374,Ricker,0.8,0.66,0.98,1.001,-10.737597929326977,1.4613797256967063,0.8962340038380374,2621.799741952074,8066,1.04,0.8,4770.06,11130.63
23,Ricker,K,8102,Beverton-Holt,6433.46,4218.11,10007.17,1.007,-20.59417427795606,2.3934911104126484,0.8670337994373545,2698.964277384816,8102,3.91,1.19,783.71,6433.46
23,Ricker,Smsy,2698.964277384816,Beverton-Holt,783.71,56.21,2091.61,1.006,-70.96256491548,2.3934911104126484,0.8670337994373545,2698.964277384816,8102,3.91,1.19,783.71,6433.46
23,Ricker,alpha,2.3934911104126484,Beverton-Holt,3.91,1.96,9.28,1.001,63.3597042825824,2.3934911104126484,0.8670337994373545,2698.964277384816,8102,3.91,1.19,783.71,6433.46
23,Ricker,sigma,0.8670337994373545,Beverton-Holt,1.19,0.95,1.56,1,37.249551375301444,2.3934911104126484,0.8670337994373545,2698.964277384816,8102,3.91,1.19,783.71,6433.46
23,Ricker,K,8102,Ricker,7731.2,6799.37,8709.68,NA,-4.576647741298447,2.3934911104126484,0.8670337994373545,2698.964277384816,8102,2.17,0.75,2689.09,7731.2
23,Ricker,Smsy,2698.964277384816,Ricker,2689.09,2421.16,3023.19,1,-0.3658543192866378,2.3934911104126484,0.8670337994373545,2698.964277384816,8102,2.17,0.75,2689.09,7731.2
23,Ricker,alpha,2.3934911104126484,Ricker,2.17,1.78,2.54,1,-9.337453121942769,2.3934911104126484,0.8670337994373545,2698.964277384816,8102,2.17,0.75,2689.09,7731.2
23,Ricker,sigma,0.8670337994373545,Ricker,0.75,0.6,0.98,0.999,-13.498181906322614,2.3934911104126484,0.8670337994373545,2698.964277384816,8102,2.17,0.75,2689.09,7731.2
24,Ricker,K,8182,Beverton-Holt,8800.06,7394.16,10513.57,1,7.553898802248833,2.2961163399080653,0.16826924517269815,2780.7354555114666,8182,7.2,0.57,234.61,8800.06
24,Ricker,Smsy,2780.7354555114666,Beverton-Holt,234.61,62.56,1243.99,1,-91.5630233888305,2.2961163399080653,0.16826924517269815,2780.7354555114666,8182,7.2,0.57,234.61,8800.06
24,Ricker,alpha,2.2961163399080653,Beverton-Holt,7.2,3.68,9.86,1,213.5729612153835,2.2961163399080653,0.16826924517269815,2780.7354555114666,8182,7.2,0.57,234.61,8800.06
24,Ricker,sigma,0.16826924517269815,Beverton-Holt,0.57,0.47,0.72,1.002,238.74282814723355,2.2961163399080653,0.16826924517269815,2780.7354555114666,8182,7.2,0.57,234.61,8800.06
24,Ricker,K,8182,Ricker,8208.89,8033.3,8392.29,NA,0.32864825226105376,2.2961163399080653,0.16826924517269815,2780.7354555114666,8182,2.39,0.16,2735.03,8208.89
24,Ricker,Smsy,2780.7354555114666,Ricker,2735.03,2657.97,2815.93,1.003,-1.6436463030266835,2.2961163399080653,0.16826924517269815,2780.7354555114666,8182,2.39,0.16,2735.03,8208.89
24,Ricker,alpha,2.2961163399080653,Ricker,2.39,2.29,2.49,1.002,4.088802403439795,2.2961163399080653,0.16826924517269815,2780.7354555114666,8182,2.39,0.16,2735.03,8208.89
24,Ricker,sigma,0.16826924517269815,Ricker,0.16,0.13,0.2,1,-4.914293853408118,2.2961163399080653,0.16826924517269815,2780.7354555114666,8182,2.39,0.16,2735.03,8208.89
25,Ricker,K,8122,Beverton-Holt,6708.86,5555.45,8312.09,1.01,-17.39891652302389,1.3857932329887466,0.6944735211803166,3290.7144945099085,8122,4.05,0.61,764.96,6708.86
25,Ricker,Smsy,3290.7144945099085,Beverton-Holt,764.96,52.45,2421.03,1.018,-76.75398454420073,1.3857932329887466,0.6944735211803166,3290.7144945099085,8122,4.05,0.61,764.96,6708.86
25,Ricker,alpha,1.3857932329887466,Beverton-Holt,4.05,1.55,9.62,1.009,192.25139101490245,1.3857932329887466,0.6944735211803166,3290.7144945099085,8122,4.05,0.61,764.96,6708.86
25,Ricker,sigma,0.6944735211803166,Beverton-Holt,0.61,0.51,0.77,1.004,-12.163677750700515,1.3857932329887466,0.6944735211803166,3290.7144945099085,8122,4.05,0.61,764.96,6708.86
25,Ricker,K,8122,Ricker,8100.14,6885.45,9619.56,NA,-0.2691455306574695,1.3857932329887466,0.6944735211803166,3290.7144945099085,8122,1.19,0.61,3380.94,8100.14
25,Ricker,Smsy,3290.7144945099085,Ricker,3380.94,2913.35,4054.02,1,2.741821134608306,1.3857932329887466,0.6944735211803166,3290.7144945099085,8122,1.19,0.61,3380.94,8100.14
25,Ricker,alpha,1.3857932329887466,Ricker,1.19,0.88,1.5,1.002,-14.128603627720022,1.3857932329887466,0.6944735211803166,3290.7144945099085,8122,1.19,0.61,3380.94,8100.14
25,Ricker,sigma,0.6944735211803166,Ricker,0.61,0.5,0.76,1.002,-12.163677750700515,1.3857932329887466,0.6944735211803166,3290.7144945099085,8122,1.19,0.61,3380.94,8100.14
26,Ricker,K,8871,Beverton-Holt,8232.56,2639.88,43613.07,1.012,-7.1969338293315355,0.48074434517660225,1.1992081652335789,4158.707129514856,8871,0.53,1.18,3426.85,8232.56
26,Ricker,Smsy,4158.707129514856,Beverton-Holt,3426.85,1142.68,19274.65,1.014,-17.59818873324299,0.48074434517660225,1.1992081652335789,4158.707129514856,8871,0.53,1.18,3426.85,8232.56
26,Ricker,alpha,0.48074434517660225,Beverton-Holt,0.53,0.07,1.55,1.038,10.245706541863457,0.48074434517660225,1.1992081652335789,4158.707129514856,8871,0.53,1.18,3426.85,8232.56
26,Ricker,sigma,1.1992081652335789,Beverton-Holt,1.18,0.97,1.46,1.009,-1.6017373622399922,0.48074434517660225,1.1992081652335789,4158.707129514856,8871,0.53,1.18,3426.85,8232.56
26,Ricker,K,8871,Ricker,8874.63,2278.44,22560.73,NA,0.04091985120053206,0.48074434517660225,1.1992081652335789,4158.707129514856,8871,0.48,1.18,4110.66,8874.63
26,Ricker,Smsy,4158.707129514856,Ricker,4110.66,1122.02,10379.7,1.003,-1.1553381379963008,0.48074434517660225,1.1992081652335789,4158.707129514856,8871,0.48,1.18,4110.66,8874.63
26,Ricker,alpha,0.48074434517660225,Ricker,0.48,0.08,0.89,1.002,-0.15483181114253802,0.48074434517660225,1.1992081652335789,4158.707129514856,8871,0.48,1.18,4110.66,8874.63
26,Ricker,sigma,1.1992081652335789,Ricker,1.18,0.98,1.47,1.002,-1.6017373622399922,0.48074434517660225,1.1992081652335789,4158.707129514856,8871,0.48,1.18,4110.66,8874.63
27,Beverton-Holt,K,9290,Beverton-Holt,11941.68,7166.18,41607.65,1.035,28.543379978471474,0.6128646519636352,0.32948105550513307,3938.828134370917,9290,0.66,0.35,4990.25,11941.68
27,Beverton-Holt,Smsy,3938.828134370917,Beverton-Holt,4990.25,2828.95,18309.95,1.036,26.69377362404286,0.6128646519636352,0.32948105550513307,3938.828134370917,9290,0.66,0.35,4990.25,11941.68
27,Beverton-Holt,alpha,0.6128646519636352,Beverton-Holt,0.66,0.42,0.98,1.008,7.690988195410183,0.6128646519636352,0.32948105550513307,3938.828134370917,9290,0.66,0.35,4990.25,11941.68
27,Beverton-Holt,sigma,0.32948105550513307,Beverton-Holt,0.35,0.27,0.46,1.002,6.2276553240394845,0.6128646519636352,0.32948105550513307,3938.828134370917,9290,0.66,0.35,4990.25,11941.68
27,Beverton-Holt,K,9290,Ricker,11726.39,7454.5,34673.47,NA,26.225941872981693,0.6128646519636352,0.32948105550513307,3938.828134370917,9290,0.61,0.35,5396.38,11726.39
27,Beverton-Holt,Smsy,3938.828134370917,Ricker,5396.38,3380.33,16224.34,1.017,37.00470840324881,0.6128646519636352,0.32948105550513307,3938.828134370917,9290,0.61,0.35,5396.38,11726.39
27,Beverton-Holt,alpha,0.6128646519636352,Ricker,0.61,0.41,0.82,1.014,-0.4674200012118082,0.6128646519636352,0.32948105550513307,3938.828134370917,9290,0.61,0.35,5396.38,11726.39
27,Beverton-Holt,sigma,0.32948105550513307,Ricker,0.35,0.28,0.46,1.005,6.2276553240394845,0.6128646519636352,0.32948105550513307,3938.828134370917,9290,0.61,0.35,5396.38,11726.39
28,Ricker,K,8874,Beverton-Holt,5931.27,2594.49,13728.53,1.002,-33.161257606490864,3.5594160990751282,0.7877129284041265,2313.656679535771,8874,5.82,2.51,306.84,5931.27
28,Ricker,Smsy,2313.656679535771,Beverton-Holt,306.84,35.55,2239.11,1.002,-86.73787676823484,3.5594160990751282,0.7877129284041265,2313.656679535771,8874,5.82,2.51,306.84,5931.27
28,Ricker,alpha,3.5594160990751282,Beverton-Holt,5.82,1.63,9.74,1,63.509964499858775,3.5594160990751282,0.7877129284041265,2313.656679535771,8874,5.82,2.51,306.84,5931.27
28,Ricker,sigma,0.7877129284041265,Beverton-Holt,2.51,1.99,3.31,1.001,218.64400208400224,3.5594160990751282,0.7877129284041265,2313.656679535771,8874,5.82,2.51,306.84,5931.27
28,Ricker,K,8874,Ricker,8399.42,7658,9136.91,NA,-5.347982871309442,3.5594160990751282,0.7877129284041265,2313.656679535771,8874,2.98,0.78,2470.71,8399.42
28,Ricker,Smsy,2313.656679535771,Ricker,2470.71,2315.64,2642.73,1,6.788099628322605,3.5594160990751282,0.7877129284041265,2313.656679535771,8874,2.98,0.78,2470.71,8399.42
28,Ricker,alpha,3.5594160990751282,Ricker,2.98,2.61,3.36,1.001,-16.278403056773346,3.5594160990751282,0.7877129284041265,2313.656679535771,8874,2.98,0.78,2470.71,8399.42
28,Ricker,sigma,0.7877129284041265,Ricker,0.78,0.62,1.03,1,-0.9791547308678288,3.5594160990751282,0.7877129284041265,2313.656679535771,8874,2.98,0.78,2470.71,8399.42
29,Beverton-Holt,K,9279,Beverton-Holt,9748.8,6994.06,13731.48,1.001,5.063045586808916,4.657703623198441,1.0561796334179214,823.6178490683199,9279,6.28,0.99,402.98,9748.8
29,Beverton-Holt,Smsy,823.6178490683199,Beverton-Holt,402.98,68.18,2644.07,1.002,-51.07196857670669,4.657703623198441,1.0561796334179214,823.6178490683199,9279,6.28,0.99,402.98,9748.8
29,Beverton-Holt,alpha,4.657703623198441,Beverton-Holt,6.28,2.19,9.81,1.002,34.83039085444277,4.657703623198441,1.0561796334179214,823.6178490683199,9279,6.28,0.99,402.98,9748.8
29,Beverton-Holt,sigma,1.0561796334179214,Beverton-Holt,0.99,0.79,1.3,1.003,-6.265944856724453,4.657703623198441,1.0561796334179214,823.6178490683199,9279,6.28,0.99,402.98,9748.8
29,Beverton-Holt,K,9279,Ricker,12597.09,8775.83,17770.73,NA,35.759133527319754,4.657703623198441,1.0561796334179214,823.6178490683199,9279,1.26,1.1,5167.96,12597.09
29,Beverton-Holt,Smsy,823.6178490683199,Ricker,5167.96,3847.55,7283.22,1.001,527.4706170884979,4.657703623198441,1.0561796334179214,823.6178490683199,9279,1.26,1.1,5167.96,12597.09
29,Beverton-Holt,alpha,4.657703623198441,Ricker,1.26,0.71,1.79,1.002,-72.94804259926786,4.657703623198441,1.0561796334179214,823.6178490683199,9279,1.26,1.1,5167.96,12597.09
29,Beverton-Holt,sigma,1.0561796334179214,Ricker,1.1,0.87,1.45,1.002,4.148950159195061,4.657703623198441,1.0561796334179214,823.6178490683199,9279,1.26,1.1,5167.96,12597.09
30,Beverton-Holt,K,8224,Beverton-Holt,9484.49,5336.21,45380.52,1.03,15.326969844357974,1.0451261102944434,0.5908745668526384,3061.4095046633124,8224,0.93,0.73,3577.42,9484.49
30,Beverton-Holt,Smsy,3061.4095046633124,Beverton-Holt,3577.42,1707.15,20005.95,1.03,16.855324142381843,1.0451261102944434,0.5908745668526384,3061.4095046633124,8224,0.93,0.73,3577.42,9484.49
30,Beverton-Holt,alpha,1.0451261102944434,Beverton-Holt,0.93,0.32,1.98,1.004,-11.01552330962326,1.0451261102944434,0.5908745668526384,3061.4095046633124,8224,0.93,0.73,3577.42,9484.49
30,Beverton-Holt,sigma,0.5908745668526384,Beverton-Holt,0.73,0.56,0.99,1.006,23.54567973511354,1.0451261102944434,0.5908745668526384,3061.4095046633124,8224,0.93,0.73,3577.42,9484.49
30,Beverton-Holt,K,8224,Ricker,8962.58,6148.64,17115.81,NA,8.980787937743191,1.0451261102944434,0.5908745668526384,3061.4095046633124,8224,0.87,0.71,3932.43,8962.58
30,Beverton-Holt,Smsy,3061.4095046633124,Ricker,3932.43,2729.14,7761.78,1.012,28.451616616787128,1.0451261102944434,0.5908745668526384,3061.4095046633124,8224,0.87,0.71,3932.43,8962.58
30,Beverton-Holt,alpha,1.0451261102944434,Ricker,0.87,0.44,1.31,1.003,-16.75645728964757,1.0451261102944434,0.5908745668526384,3061.4095046633124,8224,0.87,0.71,3932.43,8962.58
30,Beverton-Holt,sigma,0.5908745668526384,Ricker,0.71,0.54,0.96,1.002,20.160866591685767,1.0451261102944434,0.5908745668526384,3061.4095046633124,8224,0.87,0.71,3932.43,8962.58
31,Ricker,K,8977,Beverton-Holt,1192.73,521.68,4692.09,1.013,-86.71349003007687,0.28837965073132854,0.4991354913251196,4322.896473877227,8977,0.39,0.48,537.1,1192.73
31,Ricker,Smsy,4322.896473877227,Beverton-Holt,537.1,230.67,2153.57,1.013,-87.57546003598202,0.28837965073132854,0.4991354913251196,4322.896473877227,8977,0.39,0.48,537.1,1192.73
31,Ricker,alpha,0.28837965073132854,Beverton-Holt,0.39,0.2,0.66,1.008,35.2383911316083,0.28837965073132854,0.4991354913251196,4322.896473877227,8977,0.39,0.48,537.1,1192.73
31,Ricker,sigma,0.4991354913251196,Beverton-Holt,0.48,0.39,0.61,1.002,-3.833726845253608,0.28837965073132854,0.4991354913251196,4322.896473877227,8977,0.39,0.48,537.1,1192.73
31,Ricker,K,8977,Ricker,1007.05,540.37,3096.41,NA,-88.78188704466972,0.28837965073132854,0.4991354913251196,4322.896473877227,8977,0.41,0.49,475.64,1007.05
31,Ricker,Smsy,4322.896473877227,Ricker,475.64,255.22,1478.96,1.016,-88.99719197824332,0.28837965073132854,0.4991354913251196,4322.896473877227,8977,0.41,0.49,475.64,1007.05
31,Ricker,alpha,0.28837965073132854,Ricker,0.41,0.21,0.63,1.004,42.17369324092154,0.28837965073132854,0.4991354913251196,4322.896473877227,8977,0.41,0.49,475.64,1007.05
31,Ricker,sigma,0.4991354913251196,Ricker,0.49,0.39,0.62,1.001,-1.8302628211963894,0.28837965073132854,0.4991354913251196,4322.896473877227,8977,0.41,0.49,475.64,1007.05
32,Beverton-Holt,K,9800,Beverton-Holt,9518.38,6184.04,15473.44,1.001,-2.8736734693877635,3.2178451778317427,1.1381540770726397,1634.0348663897812,9800,5.12,1.16,658.52,9518.38
32,Beverton-Holt,Smsy,1634.0348663897812,Beverton-Holt,658.52,67.11,4144.45,1.001,-59.69975833778095,3.2178451778317427,1.1381540770726397,1634.0348663897812,9800,5.12,1.16,658.52,9518.38
32,Beverton-Holt,alpha,3.2178451778317427,Beverton-Holt,5.12,1.4,9.7,1.002,59.112689301291134,3.2178451778317427,1.1381540770726397,1634.0348663897812,9800,5.12,1.16,658.52,9518.38
32,Beverton-Holt,sigma,1.1381540770726397,Beverton-Holt,1.16,0.92,1.54,1.002,1.919417007541585,3.2178451778317427,1.1381540770726397,1634.0348663897812,9800,5.12,1.16,658.52,9518.38
32,Beverton-Holt,K,9800,Ricker,14360.27,9384.97,21600.08,NA,46.53336734693878,3.2178451778317427,1.1381540770726397,1634.0348663897812,9800,1.16,1.18,5986.74,14360.27
32,Beverton-Holt,Smsy,1634.0348663897812,Ricker,5986.74,4178.95,8997.01,1,266.3777391254226,3.2178451778317427,1.1381540770726397,1634.0348663897812,9800,1.16,1.18,5986.74,14360.27
32,Beverton-Holt,alpha,3.2178451778317427,Ricker,1.16,0.63,1.7,1.002,-63.95103133017623,3.2178451778317427,1.1381540770726397,1634.0348663897812,9800,1.16,1.18,5986.74,14360.27
32,Beverton-Holt,sigma,1.1381540770726397,Ricker,1.18,0.94,1.55,1.001,3.6766483352578208,3.2178451778317427,1.1381540770726397,1634.0348663897812,9800,1.16,1.18,5986.74,14360.27
33,Beverton-Holt,K,8950,Beverton-Holt,5408.65,3161.75,18087.34,1.022,-39.56815642458101,0.43719768524842983,0.7089716755095663,3987.8235420096644,8950,0.57,0.65,2288.97,5408.65
33,Beverton-Holt,Smsy,3987.8235420096644,Beverton-Holt,2288.97,1282.44,8170.23,1.023,-42.601020935683806,0.43719768524842983,0.7089716755095663,3987.8235420096644,8950,0.57,0.65,2288.97,5408.65
33,Beverton-Holt,alpha,0.43719768524842983,Beverton-Holt,0.57,0.23,1.1,1.023,30.37580463769097,0.43719768524842983,0.7089716755095663,3987.8235420096644,8950,0.57,0.65,2288.97,5408.65
33,Beverton-Holt,sigma,0.7089716755095663,Beverton-Holt,0.65,0.52,0.85,1.006,-8.317916998190508,0.43719768524842983,0.7089716755095663,3987.8235420096644,8950,0.57,0.65,2288.97,5408.65
33,Beverton-Holt,K,8950,Ricker,5377.69,3440.05,11084.8,NA,-39.91407821229051,0.43719768524842983,0.7089716755095663,3987.8235420096644,8950,0.54,0.64,2489.98,5377.69
33,Beverton-Holt,Smsy,3987.8235420096644,Ricker,2489.98,1622.09,5193.36,1.003,-37.56042678996839,0.43719768524842983,0.7089716755095663,3987.8235420096644,8950,0.54,0.64,2489.98,5377.69
33,Beverton-Holt,alpha,0.43719768524842983,Ricker,0.54,0.26,0.82,1.008,23.513920183075673,0.43719768524842983,0.7089716755095663,3987.8235420096644,8950,0.54,0.64,2489.98,5377.69
33,Beverton-Holt,sigma,0.7089716755095663,Ricker,0.64,0.53,0.81,1.006,-9.728410582833735,0.43719768524842983,0.7089716755095663,3987.8235420096644,8950,0.54,0.64,2489.98,5377.69
34,Ricker,K,9834,Beverton-Holt,22644.21,2444.06,474810.35,1.055,130.26449054301403,2.350497792769921,1.798582260170121,3305.088852947095,9834,4.43,9.9,1993.41,22644.21
34,Ricker,Smsy,3305.088852947095,Beverton-Holt,1993.41,70.48,146496.35,1.055,-39.6866441813657,2.350497792769921,1.798582260170121,3305.088852947095,9834,4.43,9.9,1993.41,22644.21
34,Ricker,alpha,2.350497792769921,Beverton-Holt,4.43,0.2,9.38,1.083,88.47071516623335,2.350497792769921,1.798582260170121,3305.088852947095,9834,4.43,9.9,1993.41,22644.21
34,Ricker,sigma,1.798582260170121,Beverton-Holt,9.9,7.59,13.1,1.139,450.43353975167065,2.350497792769921,1.798582260170121,3305.088852947095,9834,4.43,9.9,1993.41,22644.21
34,Ricker,K,9834,Ricker,9863.77,7053.14,12681.97,NA,0.30272523896685416,2.350497792769921,1.798582260170121,3305.088852947095,9834,2.45,1.94,3244.27,9863.77
34,Ricker,Smsy,3305.088852947095,Ricker,3244.27,2695.75,3601.34,1.001,-1.8401578793521303,2.350497792769921,1.798582260170121,3305.088852947095,9834,2.45,1.94,3244.27,9863.77
34,Ricker,alpha,2.350497792769921,Ricker,2.45,1.71,3.21,1,4.233239764621165,2.350497792769921,1.798582260170121,3305.088852947095,9834,2.45,1.94,3244.27,9863.77
34,Ricker,sigma,1.798582260170121,Ricker,1.94,1.54,2.56,1.001,7.862734052347591,2.350497792769921,1.798582260170121,3305.088852947095,9834,2.45,1.94,3244.27,9863.77
35,Beverton-Holt,K,8875,Beverton-Holt,6366.86,4069.63,10415.51,1.002,-28.2607323943662,2.1603004317782877,1.3907799517963788,2249.61361792829,8875,5.47,1.3,388.22,6366.86
35,Beverton-Holt,Smsy,2249.61361792829,Beverton-Holt,388.22,45.1,2741.8,1.002,-82.74281428125782,2.1603004317782877,1.3907799517963788,2249.61361792829,8875,5.47,1.3,388.22,6366.86
35,Beverton-Holt,alpha,2.1603004317782877,Beverton-Holt,5.47,1.37,9.76,1.001,153.20552269191916,2.1603004317782877,1.3907799517963788,2249.61361792829,8875,5.47,1.3,388.22,6366.86
35,Beverton-Holt,sigma,1.3907799517963788,Beverton-Holt,1.3,1.03,1.71,1.001,-6.527269226100383,2.1603004317782877,1.3907799517963788,2249.61361792829,8875,5.47,1.3,388.22,6366.86
35,Beverton-Holt,K,8875,Ricker,9959.75,4136.35,16960.33,NA,12.222535211267605,2.1603004317782877,1.3907799517963788,2249.61361792829,8875,0.89,1.43,4317.16,9959.75
35,Beverton-Holt,Smsy,2249.61361792829,Ricker,4317.16,1992.9,7369.84,1,91.90673303159282,2.1603004317782877,1.3907799517963788,2249.61361792829,8875,0.89,1.43,4317.16,9959.75
35,Beverton-Holt,alpha,2.1603004317782877,Ricker,0.89,0.27,1.58,1.003,-58.802026472429965,2.1603004317782877,1.3907799517963788,2249.61361792829,8875,0.89,1.43,4317.16,9959.75
35,Beverton-Holt,sigma,1.3907799517963788,Ricker,1.43,1.15,1.87,1.007,2.8200038512895715,2.1603004317782877,1.3907799517963788,2249.61361792829,8875,0.89,1.43,4317.16,9959.75
36,Ricker,K,9656,Beverton-Holt,18367.66,2322.59,223700.82,1.034,90.22017398508699,1.2950923400041205,1.4187300799942777,3975.543437314592,9656,3.66,5.4,1940.22,18367.66
36,Ricker,Smsy,3975.543437314592,Beverton-Holt,1940.22,64.93,65654.7,1.042,-51.19610612755414,1.2950923400041205,1.4187300799942777,3975.543437314592,9656,3.66,5.4,1940.22,18367.66
36,Ricker,alpha,1.2950923400041205,Beverton-Holt,3.66,0.15,9.68,1.005,182.60533144596897,1.2950923400041205,1.4187300799942777,3975.543437314592,9656,3.66,5.4,1940.22,18367.66
36,Ricker,sigma,1.4187300799942777,Beverton-Holt,5.4,4.14,7.55,1.006,280.62208422491335,1.2950923400041205,1.4187300799942777,3975.543437314592,9656,3.66,5.4,1940.22,18367.66
36,Ricker,K,9656,Ricker,12599.63,7751.76,17384.28,NA,30.484983429991708,1.2950923400041205,1.4187300799942777,3975.543437314592,9656,1.68,1.6,4825.38,12599.63
36,Ricker,Smsy,3975.543437314592,Ricker,4825.38,3343.26,5882.17,1.001,21.37661369031493,1.2950923400041205,1.4187300799942777,3975.543437314592,9656,1.68,1.6,4825.38,12599.63
36,Ricker,alpha,1.2950923400041205,Ricker,1.68,0.99,2.37,1.001,29.72048000798574,1.2950923400041205,1.4187300799942777,3975.543437314592,9656,1.68,1.6,4825.38,12599.63
36,Ricker,sigma,1.4187300799942777,Ricker,1.6,1.23,2.23,1.001,12.776913844418774,1.2950923400041205,1.4187300799942777,3975.543437314592,9656,1.68,1.6,4825.38,12599.63
37,Beverton-Holt,K,9131,Beverton-Holt,9914.92,5545.56,22786.3,1.009,8.58525900777571,2.365687153950358,1.8150939780406414,2141.59659918457,9131,4.9,1.53,747.63,9914.92
37,Beverton-Holt,Smsy,2141.59659918457,Beverton-Holt,747.63,66.07,7482.27,1.013,-65.09006410055628,2.365687153950358,1.8150939780406414,2141.59659918457,9131,4.9,1.53,747.63,9914.92
37,Beverton-Holt,alpha,2.365687153950358,Beverton-Holt,4.9,0.87,9.72,1.006,107.1279793618401,2.365687153950358,1.8150939780406414,2141.59659918457,9131,4.9,1.53,747.63,9914.92
37,Beverton-Holt,sigma,1.8150939780406414,Beverton-Holt,1.53,1.19,2.1,1.01,-15.70684391495777,2.365687153950358,1.8150939780406414,2141.59659918457,9131,4.9,1.53,747.63,9914.92
37,Beverton-Holt,K,9131,Ricker,22694.57,4936.74,53968.5,NA,148.5441901215639,2.365687153950358,1.8150939780406414,2141.59659918457,9131,0.78,1.75,9982.09,22694.57
37,Beverton-Holt,Smsy,2141.59659918457,Ricker,9982.09,2413.17,23311.93,1.018,366.105054696144,2.365687153950358,1.8150939780406414,2141.59659918457,9131,0.78,1.75,9982.09,22694.57
37,Beverton-Holt,alpha,2.365687153950358,Ricker,0.78,0.15,1.52,1,-67.02860736689075,2.365687153950358,1.8150939780406414,2141.59659918457,9131,0.78,1.75,9982.09,22694.57
37,Beverton-Holt,sigma,1.8150939780406414,Ricker,1.75,1.36,2.36,1.001,-3.5862593798536597,2.365687153950358,1.8150939780406414,2141.59659918457,9131,0.78,1.75,9982.09,22694.57
38,Ricker,K,9805,Beverton-Holt,10879.49,9148.46,13363.99,1,10.958592554818967,1.45695058356655,0.32756520921386856,3922.055814829174,9805,1.85,0.4,3086.11,10879.49
38,Ricker,Smsy,3922.055814829174,Beverton-Holt,3086.11,2169.11,4225.92,1.001,-21.31397038431957,1.45695058356655,0.32756520921386856,3922.055814829174,9805,1.85,0.4,3086.11,10879.49
38,Ricker,alpha,1.45695058356655,Beverton-Holt,1.85,1.38,2.52,1.001,26.977539311682264,1.45695058356655,0.32756520921386856,3922.055814829174,9805,1.85,0.4,3086.11,10879.49
38,Ricker,sigma,0.32756520921386856,Beverton-Holt,0.4,0.32,0.51,1.001,22.113090385871388,1.45695058356655,0.32756520921386856,3922.055814829174,9805,1.85,0.4,3086.11,10879.49
38,Ricker,K,9805,Ricker,10198.12,9303.04,11397.75,NA,4.009382967873542,1.45695058356655,0.32756520921386856,3922.055814829174,9805,1.43,0.34,4090.56,10198.12
38,Ricker,Smsy,3922.055814829174,Ricker,4090.56,3687.71,4656.06,1,4.296322977702584,1.45695058356655,0.32756520921386856,3922.055814829174,9805,1.43,0.34,4090.56,10198.12
38,Ricker,alpha,1.45695058356655,Ricker,1.43,1.22,1.64,1.002,-1.849793937456422,1.45695058356655,0.32756520921386856,3922.055814829174,9805,1.43,0.34,4090.56,10198.12
38,Ricker,sigma,0.32756520921386856,Ricker,0.34,0.28,0.43,1,3.796126827990681,1.45695058356655,0.32756520921386856,3922.055814829174,9805,1.43,0.34,4090.56,10198.12
39,Beverton-Holt,K,9803,Beverton-Holt,19551.25,1987.29,92165.12,1.008,99.44149750076507,0.05807963180935993,1.3544684259383943,4830.335672239135,9803,0.45,1.49,7257.63,19551.25
39,Beverton-Holt,Smsy,4830.335672239135,Beverton-Holt,7257.63,199.99,40329.72,1.048,50.251048632313285,0.05807963180935993,1.3544684259383943,4830.335672239135,9803,0.45,1.49,7257.63,19551.25
39,Beverton-Holt,alpha,0.05807963180935993,Beverton-Holt,0.45,0.02,9.11,1.938,674.7983001632587,0.05807963180935993,1.3544684259383943,4830.335672239135,9803,0.45,1.49,7257.63,19551.25
39,Beverton-Holt,sigma,1.3544684259383943,Beverton-Holt,1.49,1.15,1.93,1.04,10.006255698999222,0.05807963180935993,1.3544684259383943,4830.335672239135,9803,0.45,1.49,7257.63,19551.25
39,Beverton-Holt,K,9803,Ricker,24972.56,1205.25,88394.54,NA,154.74405794144653,0.05807963180935993,1.3544684259383943,4830.335672239135,9803,0.24,1.51,12078.14,24972.56
39,Beverton-Holt,Smsy,4830.335672239135,Ricker,12078.14,601.38,40250.64,1.003,150.04763270212015,0.05807963180935993,1.3544684259383943,4830.335672239135,9803,0.24,1.51,12078.14,24972.56
39,Beverton-Holt,alpha,0.05807963180935993,Ricker,0.24,0.01,0.8,1.003,313.22576008707125,0.05807963180935993,1.3544684259383943,4830.335672239135,9803,0.24,1.51,12078.14,24972.56
39,Beverton-Holt,sigma,1.3544684259383943,Ricker,1.51,1.18,2.04,1.002,11.482849735227402,0.05807963180935993,1.3544684259383943,4830.335672239135,9803,0.24,1.51,12078.14,24972.56
40,Ricker,K,9793,Beverton-Holt,8141.89,5283.09,14881.42,1.006,-16.860104156029813,1.2739141258801399,0.948489498516285,4046.912460438332,9793,2.09,1.01,2043.8,8141.89
40,Ricker,Smsy,4046.912460438332,Beverton-Holt,2043.8,72.7,5347.9,1.007,-49.497301461800575,1.2739141258801399,0.948489498516285,4046.912460438332,9793,2.09,1.01,2043.8,8141.89
40,Ricker,alpha,1.2739141258801399,Beverton-Holt,2.09,0.69,9.23,1.002,64.06129404963077,1.2739141258801399,0.948489498516285,4046.912460438332,9793,2.09,1.01,2043.8,8141.89
40,Ricker,sigma,0.948489498516285,Beverton-Holt,1.01,0.79,1.33,1.005,6.485100950504512,1.2739141258801399,0.948489498516285,4046.912460438332,9793,2.09,1.01,2043.8,8141.89
40,Ricker,K,9793,Ricker,10092.57,6882.05,14460.12,NA,3.059021750229753,1.2739141258801399,0.948489498516285,4046.912460438332,9793,1.08,0.97,4265.54,10092.57
40,Ricker,Smsy,4046.912460438332,Ricker,4265.54,3107.03,6130.68,1.002,5.402329348581659,1.2739141258801399,0.948489498516285,4046.912460438332,9793,1.08,0.97,4265.54,10092.57
40,Ricker,alpha,1.2739141258801399,Ricker,1.08,0.56,1.63,1.007,-15.221915036554417,1.2739141258801399,0.948489498516285,4046.912460438332,9793,1.08,0.97,4265.54,10092.57
40,Ricker,sigma,0.948489498516285,Ricker,0.97,0.77,1.28,1.004,2.2678692296924474,1.2739141258801399,0.948489498516285,4046.912460438332,9793,1.08,0.97,4265.54,10092.57
41,Ricker,K,9663,Beverton-Holt,2767.44,1027.69,10060.28,1.025,-71.36044706612853,1.6576186882826613,1.9716045786213836,3724.6165861935942,9663,3,2.64,441.28,2767.44
41,Ricker,Smsy,3724.6165861935942,Beverton-Holt,441.28,18.83,3091.57,1.031,-88.15233756849668,1.6576186882826613,1.9716045786213836,3724.6165861935942,9663,3,2.64,441.28,2767.44
41,Ricker,alpha,1.6576186882826613,Beverton-Holt,3,0.55,9.48,1.006,80.9825155330556,1.6576186882826613,1.9716045786213836,3724.6165861935942,9663,3,2.64,441.28,2767.44
41,Ricker,sigma,1.9716045786213836,Beverton-Holt,2.64,2.13,3.46,1.004,33.90108892149066,1.6576186882826613,1.9716045786213836,3724.6165861935942,9663,3,2.64,441.28,2767.44
41,Ricker,K,9663,Ricker,6968.25,2740.75,11100.96,NA,-27.88730208009935,1.6576186882826613,1.9716045786213836,3724.6165861935942,9663,1.19,2.24,2898.44,6968.25
41,Ricker,Smsy,3724.6165861935942,Ricker,2898.44,1288.19,4219.09,1.001,-22.181520354499437,1.6576186882826613,1.9716045786213836,3724.6165861935942,9663,1.19,2.24,2898.44,6968.25
41,Ricker,alpha,1.6576186882826613,Ricker,1.19,0.42,2,1.001,-28.210268838554615,1.6576186882826613,1.9716045786213836,3724.6165861935942,9663,1.19,2.24,2898.44,6968.25
41,Ricker,sigma,1.9716045786213836,Ricker,2.24,1.79,2.88,1.002,13.613045145507233,1.6576186882826613,1.9716045786213836,3724.6165861935942,9663,1.19,2.24,2898.44,6968.25
42,Beverton-Holt,K,9850,Beverton-Holt,8203.17,6543.95,10394.5,1.002,-16.719086294416243,2.1538503441414623,0.5449681630862624,2502.770150984652,9850,3.79,0.55,1058.79,8203.17
42,Beverton-Holt,Smsy,2502.770150984652,Beverton-Holt,1058.79,68.63,2271.97,1.005,-57.69527618892827,2.1538503441414623,0.5449681630862624,2502.770150984652,9850,3.79,0.55,1058.79,8203.17
42,Beverton-Holt,alpha,2.1538503441414623,Beverton-Holt,3.79,2.29,9.46,1.009,75.96394337744562,2.1538503441414623,0.5449681630862624,2502.770150984652,9850,3.79,0.55,1058.79,8203.17
42,Beverton-Holt,sigma,0.5449681630862624,Beverton-Holt,0.55,0.43,0.72,1.002,0.9233267655933084,2.1538503441414623,0.5449681630862624,2502.770150984652,9850,3.79,0.55,1058.79,8203.17
42,Beverton-Holt,K,9850,Ricker,9505.27,8013.27,11789.86,NA,-3.4997969543147165,2.1538503441414623,0.5449681630862624,2502.770150984652,9850,1.61,0.66,3691.66,9505.27
42,Beverton-Holt,Smsy,2502.770150984652,Ricker,3691.66,3104.53,4714.6,1.002,47.50295781446846,2.1538503441414623,0.5449681630862624,2502.770150984652,9850,1.61,0.66,3691.66,9505.27
42,Beverton-Holt,alpha,2.1538503441414623,Ricker,1.61,1.2,1.99,1.003,-25.250145425412285,2.1538503441414623,0.5449681630862624,2502.770150984652,9850,1.61,0.66,3691.66,9505.27
42,Beverton-Holt,sigma,0.5449681630862624,Ricker,0.66,0.52,0.85,1.003,21.107992118711966,2.1538503441414623,0.5449681630862624,2502.770150984652,9850,1.61,0.66,3691.66,9505.27
43,Beverton-Holt,K,8752,Beverton-Holt,7233.29,5295.22,10661.17,1.004,-17.35271937842779,1.9877631547500654,1.0027721853435951,2364.318453206359,8752,5.35,1.09,459.52,7233.29
43,Beverton-Holt,Smsy,2364.318453206359,Beverton-Holt,459.52,52.71,3061.02,1.004,-80.56437789178423,1.9877631547500654,1.0027721853435951,2364.318453206359,8752,5.35,1.09,459.52,7233.29
43,Beverton-Holt,alpha,1.9877631547500654,Beverton-Holt,5.35,1.29,9.77,1.003,169.14675358658062,1.9877631547500654,1.0027721853435951,2364.318453206359,8752,5.35,1.09,459.52,7233.29
43,Beverton-Holt,sigma,1.0027721853435951,Beverton-Holt,1.09,0.9,1.35,1.002,8.69866714806382,1.9877631547500654,1.0027721853435951,2364.318453206359,8752,5.35,1.09,459.52,7233.29
43,Beverton-Holt,K,8752,Ricker,9793.99,6250.4,14872.9,NA,11.905735831809869,1.9877631547500654,1.0027721853435951,2364.318453206359,8752,0.93,1.16,4255.02,9793.99
43,Beverton-Holt,Smsy,2364.318453206359,Ricker,4255.02,2874.55,6464.42,1.001,79.9681423722585,1.9877631547500654,1.0027721853435951,2364.318453206359,8752,0.93,1.16,4255.02,9793.99
43,Beverton-Holt,alpha,1.9877631547500654,Ricker,0.93,0.46,1.39,1.005,-53.2137418999028,1.9877631547500654,1.0027721853435951,2364.318453206359,8752,0.93,1.16,4255.02,9793.99
43,Beverton-Holt,sigma,1.0027721853435951,Ricker,1.16,0.96,1.43,1.001,15.67931549702203,1.9877631547500654,1.0027721853435951,2364.318453206359,8752,0.93,1.16,4255.02,9793.99
44,Ricker,K,8212,Beverton-Holt,6109.09,4382.11,9059,1.009,-25.607769118363372,1.2613101206558872,0.9070774499858575,3401.0341199399472,8212,4.07,1.04,678.99,6109.09
44,Ricker,Smsy,3401.0341199399472,Beverton-Holt,678.99,45.08,2798.04,1.009,-80.03577805882203,1.2613101206558872,0.9070774499858575,3401.0341199399472,8212,4.07,1.04,678.99,6109.09
44,Ricker,alpha,1.2613101206558872,Beverton-Holt,4.07,1.17,9.66,1.001,222.68035698338656,1.2613101206558872,0.9070774499858575,3401.0341199399472,8212,4.07,1.04,678.99,6109.09
44,Ricker,sigma,0.9070774499858575,Beverton-Holt,1.04,0.85,1.31,1.002,14.65393611275586,1.2613101206558872,0.9070774499858575,3401.0341199399472,8212,4.07,1.04,678.99,6109.09
44,Ricker,K,8212,Ricker,8698.68,6495.53,11253.92,NA,5.926449098879692,1.2613101206558872,0.9070774499858575,3401.0341199399472,8212,1.11,0.96,3686.56,8698.68
44,Ricker,Smsy,3401.0341199399472,Ricker,3686.56,2874.51,4710.29,1,8.395266556899298,1.2613101206558872,0.9070774499858575,3401.0341199399472,8212,1.11,0.96,3686.56,8698.68
44,Ricker,alpha,1.2613101206558872,Ricker,1.11,0.73,1.47,1.001,-11.996266277258217,1.2613101206558872,0.9070774499858575,3401.0341199399472,8212,1.11,0.96,3686.56,8698.68
44,Ricker,sigma,0.9070774499858575,Ricker,0.96,0.78,1.19,1.001,5.8344025656207865,1.2613101206558872,0.9070774499858575,3401.0341199399472,8212,1.11,0.96,3686.56,8698.68
45,Beverton-Holt,K,9309,Beverton-Holt,16804.54,4524.64,79580.84,1.013,80.51928241486735,0.8546748000076195,1.8565930181302703,3674.8423881865874,9309,1.42,2.1,4872.71,16804.54
45,Beverton-Holt,Smsy,3674.8423881865874,Beverton-Holt,4872.71,166.11,31343.41,1.018,32.59643503798051,0.8546748000076195,1.8565930181302703,3674.8423881865874,9309,1.42,2.1,4872.71,16804.54
45,Beverton-Holt,alpha,0.8546748000076195,Beverton-Holt,1.42,0.15,8.69,1.04,66.14506476467312,0.8546748000076195,1.8565930181302703,3674.8423881865874,9309,1.42,2.1,4872.71,16804.54
45,Beverton-Holt,sigma,1.8565930181302703,Beverton-Holt,2.1,1.63,2.88,1.008,13.110411355250006,0.8546748000076195,1.8565930181302703,3674.8423881865874,9309,1.42,2.1,4872.71,16804.54
45,Beverton-Holt,K,9309,Ricker,30817.44,2177.26,79406.33,NA,231.04995165968418,0.8546748000076195,1.8565930181302703,3674.8423881865874,9309,0.62,2.1,13930.35,30817.44
45,Beverton-Holt,Smsy,3674.8423881865874,Ricker,13930.35,1083.24,33228.86,1.007,279.07340039348367,0.8546748000076195,1.8565930181302703,3674.8423881865874,9309,0.62,2.1,13930.35,30817.44
45,Beverton-Holt,alpha,0.8546748000076195,Ricker,0.62,0.04,1.53,1.006,-27.457788623875114,0.8546748000076195,1.8565930181302703,3674.8423881865874,9309,0.62,2.1,13930.35,30817.44
45,Beverton-Holt,sigma,1.8565930181302703,Ricker,2.1,1.62,2.81,1.001,13.110411355250006,0.8546748000076195,1.8565930181302703,3674.8423881865874,9309,0.62,2.1,13930.35,30817.44
46,Ricker,K,8344,Beverton-Holt,5537.81,2883.48,10724.15,1.002,-33.63123202301054,3.5363411714883304,0.08791286899382766,2185.9759434789553,8344,6.22,1.89,235,5537.81
46,Ricker,Smsy,2185.9759434789553,Beverton-Holt,235,36.41,1554.5,1,-89.24965296617124,3.5363411714883304,0.08791286899382766,2185.9759434789553,8344,6.22,1.89,235,5537.81
46,Ricker,alpha,3.5363411714883304,Beverton-Holt,6.22,2,9.77,1.001,75.88800679494973,3.5363411714883304,0.08791286899382766,2185.9759434789553,8344,6.22,1.89,235,5537.81
46,Ricker,sigma,0.08791286899382766,Beverton-Holt,1.89,1.5,2.49,1.001,2049.855898950012,3.5363411714883304,0.08791286899382766,2185.9759434789553,8344,6.22,1.89,235,5537.81
46,Ricker,K,8344,Ricker,8388.81,8314.87,8463.03,NA,0.5370325982742029,3.5363411714883304,0.08791286899382766,2185.9759434789553,8344,3.52,0.09,2207.64,8388.81
46,Ricker,Smsy,2185.9759434789553,Ricker,2207.64,2187.6,2227.52,1.002,0.9910473436668517,3.5363411714883304,0.08791286899382766,2185.9759434789553,8344,3.52,0.09,2207.64,8388.81
46,Ricker,alpha,3.5363411714883304,Ricker,3.52,3.46,3.57,1.003,-0.4620926176490177,3.5363411714883304,0.08791286899382766,2185.9759434789553,8344,3.52,0.09,2207.64,8388.81
46,Ricker,sigma,0.08791286899382766,Ricker,0.09,0.07,0.11,1,2.3740904261910383,3.5363411714883304,0.08791286899382766,2185.9759434789553,8344,3.52,0.09,2207.64,8388.81
47,Beverton-Holt,K,8451,Beverton-Holt,8599.87,8242.55,9031.28,1.001,1.7615666784995954,1.6134797154434297,0.05988319514089302,2607.85730293614,8451,1.64,0.07,2628.47,8599.87
47,Beverton-Holt,Smsy,2607.85730293614,Beverton-Holt,2628.47,2374.88,2898.6,1.002,0.7904073984666367,1.6134797154434297,0.05988319514089302,2607.85730293614,8451,1.64,0.07,2628.47,8599.87
47,Beverton-Holt,alpha,1.6134797154434297,Beverton-Holt,1.64,1.48,1.83,1.003,1.6436701560441782,1.6134797154434297,0.05988319514089302,2607.85730293614,8451,1.64,0.07,2628.47,8599.87
47,Beverton-Holt,sigma,0.05988319514089302,Beverton-Holt,0.07,0.05,0.08,1,16.89423023488342,1.6134797154434297,0.05988319514089302,2607.85730293614,8451,1.64,0.07,2628.47,8599.87
47,Beverton-Holt,K,8451,Ricker,8201.99,7872.82,8563.04,NA,-2.9465152053011505,1.6134797154434297,0.05988319514089302,2607.85730293614,8451,1.14,0.08,3467.4,8201.99
47,Beverton-Holt,Smsy,2607.85730293614,Ricker,3467.4,3300.72,3649.93,1.001,32.959728896827144,1.6134797154434297,0.05988319514089302,2607.85730293614,8451,1.14,0.08,3467.4,8201.99
47,Beverton-Holt,alpha,1.6134797154434297,Ricker,1.14,1.07,1.21,1.001,-29.345253672018075,1.6134797154434297,0.05988319514089302,2607.85730293614,8451,1.14,0.08,3467.4,8201.99
47,Beverton-Holt,sigma,0.05988319514089302,Ricker,0.08,0.06,0.1,1.002,33.593405982723894,1.6134797154434297,0.05988319514089302,2607.85730293614,8451,1.14,0.08,3467.4,8201.99
48,Ricker,K,8117,Beverton-Holt,7472.52,5755.89,9757.02,1,-7.939879265738568,2.310699715395516,0.4187459683931033,2750.4145020614433,8117,6.24,0.82,315.43,7472.52
48,Ricker,Smsy,2750.4145020614433,Beverton-Holt,315.43,52.11,1587.28,1.002,-88.53154679908849,2.310699715395516,0.4187459683931033,2750.4145020614433,8117,6.24,0.82,315.43,7472.52
48,Ricker,alpha,2.310699715395516,Beverton-Holt,6.24,2.74,9.87,1.003,170.04807065256924,2.310699715395516,0.4187459683931033,2750.4145020614433,8117,6.24,0.82,315.43,7472.52
48,Ricker,sigma,0.4187459683931033,Beverton-Holt,0.82,0.67,1.06,1.001,95.82278084889265,2.310699715395516,0.4187459683931033,2750.4145020614433,8117,6.24,0.82,315.43,7472.52
48,Ricker,K,8117,Ricker,8022.3,7611.36,8459.27,NA,-1.166687199704322,2.310699715395516,0.4187459683931033,2750.4145020614433,8117,2.16,0.35,2800.16,8022.3
48,Ricker,Smsy,2750.4145020614433,Ricker,2800.16,2659.65,2952.87,1.002,1.8086545828373213,2.310699715395516,0.4187459683931033,2750.4145020614433,8117,2.16,0.35,2800.16,8022.3
48,Ricker,alpha,2.310699715395516,Ricker,2.16,1.98,2.35,1.001,-6.521821697187565,2.310699715395516,0.4187459683931033,2750.4145020614433,8117,2.16,0.35,2800.16,8022.3
48,Ricker,sigma,0.4187459683931033,Ricker,0.35,0.28,0.45,1,-16.41710573522875,2.310699715395516,0.4187459683931033,2750.4145020614433,8117,2.16,0.35,2800.16,8022.3
49,Beverton-Holt,K,9902,Beverton-Holt,13543.05,8893.22,24408.62,1.002,36.77085437285396,2.313053977419668,1.1553890220370255,2369.537926202299,9902,1.63,1.09,4003.56,13543.05
49,Beverton-Holt,Smsy,2369.537926202299,Beverton-Holt,4003.56,109.9,9470.77,1.003,68.95952395311848,2.313053977419668,1.1553890220370255,2369.537926202299,9902,1.63,1.09,4003.56,13543.05
49,Beverton-Holt,alpha,2.313053977419668,Beverton-Holt,1.63,0.46,9.34,1.003,-29.5303950572589,2.313053977419668,1.1553890220370255,2369.537926202299,9902,1.63,1.09,4003.56,13543.05
49,Beverton-Holt,sigma,1.1553890220370255,Beverton-Holt,1.09,0.9,1.34,1.002,-5.6594809877750425,2.313053977419668,1.1553890220370255,2369.537926202299,9902,1.63,1.09,4003.56,13543.05
49,Beverton-Holt,K,9902,Ricker,19504.91,9618.59,32750.85,NA,96.9794990910927,2.313053977419668,1.1553890220370255,2369.537926202299,9902,0.68,1.1,8797.85,19504.91
49,Beverton-Holt,Smsy,2369.537926202299,Ricker,8797.85,4625.34,14933.6,1.001,271.28968912941065,2.313053977419668,1.1553890220370255,2369.537926202299,9902,0.68,1.1,8797.85,19504.91
49,Beverton-Holt,alpha,2.313053977419668,Ricker,0.68,0.23,1.09,1.003,-70.60163720180125,2.313053977419668,1.1553890220370255,2369.537926202299,9902,0.68,1.1,8797.85,19504.91
49,Beverton-Holt,sigma,1.1553890220370255,Ricker,1.1,0.92,1.35,1.003,-4.793971639039033,2.313053977419668,1.1553890220370255,2369.537926202299,9902,0.68,1.1,8797.85,19504.91
50,Beverton-Holt,K,8591,Beverton-Holt,8259.71,5603.86,12686.19,1.001,-3.8562449074613068,1.4447653075477258,1.465120812070714,2808.12747479039,8591,4.45,1.29,785.95,8259.71
50,Beverton-Holt,Smsy,2808.12747479039,Beverton-Holt,785.95,58.93,3934.72,1.002,-72.01159822494644,1.4447653075477258,1.465120812070714,2808.12747479039,8591,4.45,1.29,785.95,8259.71
50,Beverton-Holt,alpha,1.4447653075477258,Beverton-Holt,4.45,1,9.73,1.001,208.00850330170326,1.4447653075477258,1.465120812070714,2808.12747479039,8591,4.45,1.29,785.95,8259.71
50,Beverton-Holt,sigma,1.465120812070714,Beverton-Holt,1.29,1.06,1.61,1.002,-11.952653366735587,1.4447653075477258,1.465120812070714,2808.12747479039,8591,4.45,1.29,785.95,8259.71
50,Beverton-Holt,K,8591,Ricker,12471.94,6525.69,18885.66,NA,45.17448492608545,1.4447653075477258,1.465120812070714,2808.12747479039,8591,0.84,1.34,5495.97,12471.94
50,Beverton-Holt,Smsy,2808.12747479039,Ricker,5495.97,3101.6,8094.88,1,95.71654240554881,1.4447653075477258,1.465120812070714,2808.12747479039,8591,0.84,1.34,5495.97,12471.94
50,Beverton-Holt,alpha,1.4447653075477258,Ricker,0.84,0.33,1.34,1.002,-41.85906903967849,1.4447653075477258,1.465120812070714,2808.12747479039,8591,0.84,1.34,5495.97,12471.94
50,Beverton-Holt,sigma,1.465120812070714,Ricker,1.34,1.1,1.64,1.001,-8.539965512733085,1.4447653075477258,1.465120812070714,2808.12747479039,8591,0.84,1.34,5495.97,12471.94
51,Ricker,K,9669,Beverton-Holt,7290.04,5390.87,9882.53,1,-24.603992139828318,1.6816442848214095,0.9585661548745862,3710.0918295624183,9669,6.58,0.99,258.5,7290.04
51,Ricker,Smsy,3710.0918295624183,Beverton-Holt,258.5,50.73,1606.9,1,-93.03251747193308,1.6816442848214095,0.9585661548745862,3710.0918295624183,9669,6.58,0.99,258.5,7290.04
51,Ricker,alpha,1.6816442848214095,Beverton-Holt,6.58,2.62,9.86,1,291.2837012792391,1.6816442848214095,0.9585661548745862,3710.0918295624183,9669,6.58,0.99,258.5,7290.04
51,Ricker,sigma,0.9585661548745862,Beverton-Holt,0.99,0.81,1.25,1.001,3.279256727933029,1.6816442848214095,0.9585661548745862,3710.0918295624183,9669,6.58,0.99,258.5,7290.04
51,Ricker,K,9669,Ricker,8756.14,7586.27,9934.11,NA,-9.441100424035584,1.6816442848214095,0.9585661548745862,3710.0918295624183,9669,1.86,0.79,3235.71,8756.14
51,Ricker,Smsy,3710.0918295624183,Ricker,3235.71,2905.46,3668.39,1,-12.786255741232383,1.6816442848214095,0.9585661548745862,3710.0918295624183,9669,1.86,0.79,3235.71,8756.14
51,Ricker,alpha,1.6816442848214095,Ricker,1.86,1.45,2.28,1.003,10.606031060696763,1.6816442848214095,0.9585661548745862,3710.0918295624183,9669,1.86,0.79,3235.71,8756.14
51,Ricker,sigma,0.9585661548745862,Ricker,0.79,0.64,1.01,1.002,-17.585239580740307,1.6816442848214095,0.9585661548745862,3710.0918295624183,9669,1.86,0.79,3235.71,8756.14
52,Beverton-Holt,K,8154,Beverton-Holt,7130.54,5921.97,8642.1,1.001,-12.551631101299975,2.564236130645679,0.7355470285115138,1770.9664258286884,8154,6.15,0.58,313.15,7130.54
52,Beverton-Holt,Smsy,1770.9664258286884,Beverton-Holt,313.15,52.15,1848.09,1.004,-82.31756427265594,2.564236130645679,0.7355470285115138,1770.9664258286884,8154,6.15,0.58,313.15,7130.54
52,Beverton-Holt,alpha,2.564236130645679,Beverton-Holt,6.15,2.2,9.8,1.004,139.83750663599847,2.564236130645679,0.7355470285115138,1770.9664258286884,8154,6.15,0.58,313.15,7130.54
52,Beverton-Holt,sigma,0.7355470285115138,Beverton-Holt,0.58,0.47,0.75,1,-21.14712213932613,2.564236130645679,0.7355470285115138,1770.9664258286884,8154,6.15,0.58,313.15,7130.54
52,Beverton-Holt,K,8154,Ricker,8528.13,6907.73,10913.53,NA,4.588300220750542,2.564236130645679,0.7355470285115138,1770.9664258286884,8154,1.08,0.66,3629.38,8528.13
52,Beverton-Holt,Smsy,1770.9664258286884,Ricker,3629.38,2994.68,4696.8,1.003,104.93782078910412,2.564236130645679,0.7355470285115138,1770.9664258286884,8154,1.08,0.66,3629.38,8528.13
52,Beverton-Holt,alpha,2.564236130645679,Ricker,1.08,0.71,1.44,1.002,-57.88219395660515,2.564236130645679,0.7355470285115138,1770.9664258286884,8154,1.08,0.66,3629.38,8528.13
52,Beverton-Holt,sigma,0.7355470285115138,Ricker,0.66,0.53,0.86,1.003,-10.270863124060758,2.564236130645679,0.7355470285115138,1770.9664258286884,8154,1.08,0.66,3629.38,8528.13
53,Beverton-Holt,K,9564,Beverton-Holt,9016.32,6896.61,13305.69,1.007,-5.726474278544545,2.0658754877155054,0.8788056632590051,2510.6930561850327,9564,3.95,0.81,1062.32,9016.32
53,Beverton-Holt,Smsy,2510.6930561850327,Beverton-Holt,1062.32,68.77,4129.21,1.007,-57.688177079910275,2.0658754877155054,0.8788056632590051,2510.6930561850327,9564,3.95,0.81,1062.32,9016.32
53,Beverton-Holt,alpha,2.0658754877155054,Beverton-Holt,3.95,1.24,9.65,1.006,91.20222992567692,2.0658754877155054,0.8788056632590051,2510.6930561850327,9564,3.95,0.81,1062.32,9016.32
53,Beverton-Holt,sigma,0.8788056632590051,Beverton-Holt,0.81,0.66,1.03,1.005,-7.829451508521558,2.0658754877155054,0.8788056632590051,2510.6930561850327,9564,3.95,0.81,1062.32,9016.32
53,Beverton-Holt,K,9564,Ricker,13689.68,9989.99,19153.53,NA,43.137599330823925,2.0658754877155054,0.8788056632590051,2510.6930561850327,9564,0.96,0.85,5930.7,13689.68
53,Beverton-Holt,Smsy,2510.6930561850327,Ricker,5930.7,4448.3,8286.23,1,136.2176445818361,2.0658754877155054,0.8788056632590051,2510.6930561850327,9564,0.96,0.85,5930.7,13689.68
53,Beverton-Holt,alpha,2.0658754877155054,Ricker,0.96,0.62,1.33,1.001,-53.53059728388612,2.0658754877155054,0.8788056632590051,2510.6930561850327,9564,0.96,0.85,5930.7,13689.68
53,Beverton-Holt,sigma,0.8788056632590051,Ricker,0.85,0.7,1.08,1.002,-3.2778194842510264,2.0658754877155054,0.8788056632590051,2510.6930561850327,9564,0.96,0.85,5930.7,13689.68
54,Beverton-Holt,K,9579,Beverton-Holt,15100.15,1510.2,174411.17,1.021,57.638062428228416,0.6417008029566286,0.9447752965239865,4027.6678811072416,9579,0.31,1.21,6804.54,15100.15
54,Beverton-Holt,Smsy,4027.6678811072416,Beverton-Holt,6804.54,753.27,81749.7,1.021,68.94491305795977,0.6417008029566286,0.9447752965239865,4027.6678811072416,9579,0.31,1.21,6804.54,15100.15
54,Beverton-Holt,alpha,0.6417008029566286,Beverton-Holt,0.31,0.02,0.89,1.01,-51.69088170504403,0.6417008029566286,0.9447752965239865,4027.6678811072416,9579,0.31,1.21,6804.54,15100.15
54,Beverton-Holt,sigma,0.9447752965239865,Beverton-Holt,1.21,0.96,1.55,1.008,28.07278137476997,0.6417008029566286,0.9447752965239865,4027.6678811072416,9579,0.31,1.21,6804.54,15100.15
54,Beverton-Holt,K,9579,Ricker,14839.3,1823.27,65323.17,NA,54.91491804990081,0.6417008029566286,0.9447752965239865,4027.6678811072416,9579,0.32,1.2,7035.25,14839.3
54,Beverton-Holt,Smsy,4027.6678811072416,Ricker,7035.25,905.67,31249.78,1.004,74.67304176197237,0.6417008029566286,0.9447752965239865,4027.6678811072416,9579,0.32,1.2,7035.25,14839.3
54,Beverton-Holt,alpha,0.6417008029566286,Ricker,0.32,0.03,0.74,1.006,-50.13252305036803,0.6417008029566286,0.9447752965239865,4027.6678811072416,9579,0.32,1.2,7035.25,14839.3
54,Beverton-Holt,sigma,0.9447752965239865,Ricker,1.2,0.97,1.59,1.009,27.01432863613551,0.6417008029566286,0.9447752965239865,4027.6678811072416,9579,0.32,1.2,7035.25,14839.3
55,Beverton-Holt,K,8072,Beverton-Holt,4823.98,3061.36,12361.92,1.037,-40.23810703666998,0.39955579072445246,0.6627840651528814,3634.1837334030174,8072,0.79,0.68,1919.05,4823.98
55,Beverton-Holt,Smsy,3634.1837334030174,Beverton-Holt,1919.05,1096.13,5448.45,1.04,-47.19446949362082,0.39955579072445246,0.6627840651528814,3634.1837334030174,8072,0.79,0.68,1919.05,4823.98
55,Beverton-Holt,alpha,0.39955579072445246,Beverton-Holt,0.79,0.32,1.61,1.033,97.71957216978778,0.39955579072445246,0.6627840651528814,3634.1837334030174,8072,0.79,0.68,1919.05,4823.98
55,Beverton-Holt,sigma,0.6627840651528814,Beverton-Holt,0.68,0.55,0.87,1.011,2.5975179175660443,0.39955579072445246,0.6627840651528814,3634.1837334030174,8072,0.79,0.68,1919.05,4823.98
55,Beverton-Holt,K,8072,Ricker,4959.64,3423.05,9214.81,NA,-38.55748265609514,0.39955579072445246,0.6627840651528814,3634.1837334030174,8072,0.68,0.67,2242.12,4959.64
55,Beverton-Holt,Smsy,3634.1837334030174,Ricker,2242.12,1570.4,4299.28,1.003,-38.30471532322614,0.39955579072445246,0.6627840651528814,3634.1837334030174,8072,0.68,0.67,2242.12,4959.64
55,Beverton-Holt,alpha,0.39955579072445246,Ricker,0.68,0.35,1.02,1.009,70.18899882969075,0.39955579072445246,0.6627840651528814,3634.1837334030174,8072,0.68,0.67,2242.12,4959.64
55,Beverton-Holt,sigma,0.6627840651528814,Ricker,0.67,0.55,0.85,1.004,1.0887308893665422,0.39955579072445246,0.6627840651528814,3634.1837334030174,8072,0.68,0.67,2242.12,4959.64
56,Ricker,K,9500,Beverton-Holt,5985.27,3688.72,10291.04,1.001,-36.99715789473684,2.789741441172243,0.5786155516527228,2913.1620556989023,9500,6.28,1.29,247.04,5985.27
56,Ricker,Smsy,2913.1620556989023,Beverton-Holt,247.04,39.94,1611.94,1.001,-91.51986757768158,2.789741441172243,0.5786155516527228,2913.1620556989023,9500,6.28,1.29,247.04,5985.27
56,Ricker,alpha,2.789741441172243,Beverton-Holt,6.28,2.35,9.82,1.002,125.11046749053412,2.789741441172243,0.5786155516527228,2913.1620556989023,9500,6.28,1.29,247.04,5985.27
56,Ricker,sigma,0.5786155516527228,Beverton-Holt,1.29,0.99,1.75,1,122.94596063229224,2.789741441172243,0.5786155516527228,2913.1620556989023,9500,6.28,1.29,247.04,5985.27
56,Ricker,K,9500,Ricker,8934.52,8170.8,9718.98,NA,-5.952421052631574,2.789741441172243,0.5786155516527228,2913.1620556989023,9500,2.44,0.54,2942.8,8934.52
56,Ricker,Smsy,2913.1620556989023,Ricker,2942.8,2748.64,3165.52,1,1.017380555370008,2.789741441172243,0.5786155516527228,2913.1620556989023,9500,2.44,0.54,2942.8,8934.52
56,Ricker,alpha,2.789741441172243,Ricker,2.44,2.12,2.76,1.002,-12.53669734444216,2.789741441172243,0.5786155516527228,2913.1620556989023,9500,2.44,0.54,2942.8,8934.52
56,Ricker,sigma,0.5786155516527228,Ricker,0.54,0.41,0.73,1.001,-6.6737839213660335,2.789741441172243,0.5786155516527228,2913.1620556989023,9500,2.44,0.54,2942.8,8934.52
57,Beverton-Holt,K,9092,Beverton-Holt,8240,6297.64,10825.03,1,-9.370875494940607,2.731052946724259,0.5649512539251182,1848.7997707634433,9092,6.29,0.68,338.62,8240
57,Beverton-Holt,Smsy,1848.7997707634433,Beverton-Holt,338.62,56.33,2173.19,1.002,-81.6843335143767,2.731052946724259,0.5649512539251182,1848.7997707634433,9092,6.29,0.68,338.62,8240
57,Beverton-Holt,alpha,2.731052946724259,Beverton-Holt,6.29,2.34,9.85,1.001,130.3140994591296,2.731052946724259,0.5649512539251182,1848.7997707634433,9092,6.29,0.68,338.62,8240
57,Beverton-Holt,sigma,0.5649512539251182,Beverton-Holt,0.68,0.53,0.92,1.001,20.364366885736835,2.731052946724259,0.5649512539251182,1848.7997707634433,9092,6.29,0.68,338.62,8240
57,Beverton-Holt,K,9092,Ricker,9844.11,7567.01,14117.24,NA,8.272217333919937,2.731052946724259,0.5649512539251182,1848.7997707634433,9092,1.41,0.8,3929.37,9844.11
57,Beverton-Holt,Smsy,1848.7997707634433,Ricker,3929.37,3074.17,5922.37,1.001,112.53626607587724,2.731052946724259,0.5649512539251182,1848.7997707634433,9092,1.41,0.8,3929.37,9844.11
57,Beverton-Holt,alpha,2.731052946724259,Ricker,1.41,0.87,1.96,1.003,-48.37156117052898,2.731052946724259,0.5649512539251182,1848.7997707634433,9092,1.41,0.8,3929.37,9844.11
57,Beverton-Holt,sigma,0.5649512539251182,Ricker,0.8,0.62,1.07,1,41.60513751263157,2.731052946724259,0.5649512539251182,1848.7997707634433,9092,1.41,0.8,3929.37,9844.11
58,Ricker,K,9925,Beverton-Holt,4839.5,1688.67,16475.07,1.007,-51.23929471032746,1.0004212924900262,1.7060177946491455,4295.806128970886,9925,3.84,2.88,594.69,4839.5
58,Ricker,Smsy,4295.806128970886,Beverton-Holt,594.69,31.1,3790.85,1.009,-86.15649817180028,1.0004212924900262,1.7060177946491455,4295.806128970886,9925,3.84,2.88,594.69,4839.5
58,Ricker,alpha,1.0004212924900262,Beverton-Holt,3.84,0.55,9.64,1.002,283.83829181027585,1.0004212924900262,1.7060177946491455,4295.806128970886,9925,3.84,2.88,594.69,4839.5
58,Ricker,sigma,1.7060177946491455,Beverton-Holt,2.88,2.27,3.83,1.002,68.81418289029583,1.0004212924900262,1.7060177946491455,4295.806128970886,9925,3.84,2.88,594.69,4839.5
58,Ricker,K,9925,Ricker,14645.37,7362.32,21249.67,NA,47.56040302267003,1.0004212924900262,1.7060177946491455,4295.806128970886,9925,1.4,1.85,5904.21,14645.37
58,Ricker,Smsy,4295.806128970886,Ricker,5904.21,3344.76,7608.87,1.001,37.44125835153616,1.0004212924900262,1.7060177946491455,4295.806128970886,9925,1.4,1.85,5904.21,14645.37
58,Ricker,alpha,1.0004212924900262,Ricker,1.4,0.63,2.17,1.001,39.94104388916306,1.0004212924900262,1.7060177946491455,4295.806128970886,9925,1.4,1.85,5904.21,14645.37
58,Ricker,sigma,1.7060177946491455,Ricker,1.85,1.48,2.42,1.001,8.439666092724757,1.0004212924900262,1.7060177946491455,4295.806128970886,9925,1.4,1.85,5904.21,14645.37
59,Ricker,K,9084,Beverton-Holt,8979.95,7283.35,11121.35,1.001,-1.1454205195948841,1.8952058426516682,0.30327801871484183,3345.480425492176,9084,5.63,0.51,503.46,8979.95
59,Ricker,Smsy,3345.480425492176,Beverton-Holt,503.46,67.14,2179.17,1.003,-84.95104033000185,1.8952058426516682,0.30327801871484183,3345.480425492176,9084,5.63,0.51,503.46,8979.95
59,Ricker,alpha,1.8952058426516682,Beverton-Holt,5.63,2.49,9.74,1.002,197.06535687557886,1.8952058426516682,0.30327801871484183,3345.480425492176,9084,5.63,0.51,503.46,8979.95
59,Ricker,sigma,0.30327801871484183,Beverton-Holt,0.51,0.39,0.68,1.002,68.16253355952223,1.8952058426516682,0.30327801871484183,3345.480425492176,9084,5.63,0.51,503.46,8979.95
59,Ricker,K,9084,Ricker,9367.01,8791.65,10015.25,NA,3.115477763099958,1.8952058426516682,0.30327801871484183,3345.480425492176,9084,1.88,0.28,3455.26,9367.01
59,Ricker,Smsy,3345.480425492176,Ricker,3455.26,3225.77,3725.74,1,3.281429288042354,1.8952058426516682,0.30327801871484183,3345.480425492176,9084,1.88,0.28,3455.26,9367.01
59,Ricker,alpha,1.8952058426516682,Ricker,1.88,1.69,2.08,1.002,-0.8023319847090157,1.8952058426516682,0.30327801871484183,3345.480425492176,9084,1.88,0.28,3455.26,9367.01
59,Ricker,sigma,0.30327801871484183,Ricker,0.28,0.22,0.38,1.001,-7.67547177124269,1.8952058426516682,0.30327801871484183,3345.480425492176,9084,1.88,0.28,3455.26,9367.01
60,Beverton-Holt,K,8508,Beverton-Holt,10080.54,6037.75,27679.23,1.013,18.483074753173494,1.678851294045647,0.8397359680560675,2566.4872329638015,8508,1.35,0.9,3326.81,10080.54
60,Beverton-Holt,Smsy,2566.4872329638015,Beverton-Holt,3326.81,137.06,11669.61,1.022,29.62503601306332,1.678851294045647,0.8397359680560675,2566.4872329638015,8508,1.35,0.9,3326.81,10080.54
60,Beverton-Holt,alpha,1.678851294045647,Beverton-Holt,1.35,0.46,7.92,1.053,-19.5878750674332,1.678851294045647,0.8397359680560675,2566.4872329638015,8508,1.35,0.9,3326.81,10080.54
60,Beverton-Holt,sigma,0.8397359680560675,Beverton-Holt,0.9,0.7,1.2,1.003,7.176545275706086,1.678851294045647,0.8397359680560675,2566.4872329638015,8508,1.35,0.9,3326.81,10080.54
60,Beverton-Holt,K,8508,Ricker,12605.88,7606.74,32328.01,NA,48.165021156558524,1.678851294045647,0.8397359680560675,2566.4872329638015,8508,0.82,0.91,5551.34,12605.88
60,Beverton-Holt,Smsy,2566.4872329638015,Ricker,5551.34,3430.85,14782.98,1.018,116.30109547006259,1.678851294045647,0.8397359680560675,2566.4872329638015,8508,0.82,0.91,5551.34,12605.88
60,Beverton-Holt,alpha,1.678851294045647,Ricker,0.82,0.35,1.38,1.013,-51.15707967058906,1.678851294045647,0.8397359680560675,2566.4872329638015,8508,0.82,0.91,5551.34,12605.88
60,Beverton-Holt,sigma,0.8397359680560675,Ricker,0.91,0.72,1.23,1.007,8.367395778769488,1.678851294045647,0.8397359680560675,2566.4872329638015,8508,0.82,0.91,5551.34,12605.88
61,Ricker,K,8057,Beverton-Holt,3378.02,330.55,14093.59,1.007,-58.07347648007943,0.24627302794054184,1.0445385779556846,3901.9867065838216,8057,0.28,0.93,1530.75,3378.02
61,Ricker,Smsy,3901.9867065838216,Beverton-Holt,1530.75,164.33,6507.46,1.008,-60.769984238614505,0.24627302794054184,1.0445385779556846,3901.9867065838216,8057,0.28,0.93,1530.75,3378.02
61,Ricker,alpha,0.24627302794054184,Beverton-Holt,0.28,0.02,0.88,1.003,13.694951632137705,0.24627302794054184,1.0445385779556846,3901.9867065838216,8057,0.28,0.93,1530.75,3378.02
61,Ricker,sigma,1.0445385779556846,Beverton-Holt,0.93,0.72,1.24,1.003,-10.965471297369733,0.24627302794054184,1.0445385779556846,3901.9867065838216,8057,0.28,0.93,1530.75,3378.02
61,Ricker,K,8057,Ricker,3889.61,547.44,10343.15,NA,-51.723842621323065,0.24627302794054184,1.0445385779556846,3901.9867065838216,8057,0.28,0.92,1858.78,3889.61
61,Ricker,Smsy,3901.9867065838216,Ricker,1858.78,272.21,4967,1.003,-52.363241092962184,0.24627302794054184,1.0445385779556846,3901.9867065838216,8057,0.28,0.92,1858.78,3889.61
61,Ricker,alpha,0.24627302794054184,Ricker,0.28,0.03,0.71,1.004,13.694951632137705,0.24627302794054184,1.0445385779556846,3901.9867065838216,8057,0.28,0.92,1858.78,3889.61
61,Ricker,sigma,1.0445385779556846,Ricker,0.92,0.72,1.22,1.004,-11.92283182105393,0.24627302794054184,1.0445385779556846,3901.9867065838216,8057,0.28,0.92,1858.78,3889.61
62,Beverton-Holt,K,9940,Beverton-Holt,13694.58,4811.42,74520.02,1.016,37.77243460764588,1.7468285880594026,1.0725023850709245,2927.770892883809,9940,0.61,0.99,5573.47,13694.58
62,Beverton-Holt,Smsy,2927.770892883809,Beverton-Holt,5573.47,1997.16,33503.73,1.018,90.3656469004041,1.7468285880594026,1.0725023850709245,2927.770892883809,9940,0.61,0.99,5573.47,13694.58
62,Beverton-Holt,alpha,1.7468285880594026,Beverton-Holt,0.61,0.09,1.94,1.024,-65.07957310925023,1.7468285880594026,1.0725023850709245,2927.770892883809,9940,0.61,0.99,5573.47,13694.58
62,Beverton-Holt,sigma,1.0725023850709245,Beverton-Holt,0.99,0.79,1.27,1.013,-7.692512969606931,1.7468285880594026,1.0725023850709245,2927.770892883809,9940,0.61,0.99,5573.47,13694.58
62,Beverton-Holt,K,9940,Ricker,14654.84,4958.61,36313.75,NA,47.432997987927564,1.7468285880594026,1.0725023850709245,2927.770892883809,9940,0.54,1,6715.43,14654.84
62,Beverton-Holt,Smsy,2927.770892883809,Ricker,6715.43,2436.24,16747.71,1.003,129.370064997996,1.7468285880594026,1.0725023850709245,2927.770892883809,9940,0.54,1,6715.43,14654.84
62,Beverton-Holt,alpha,1.7468285880594026,Ricker,0.54,0.12,1.02,1.012,-69.08683521146743,1.7468285880594026,1.0725023850709245,2927.770892883809,9940,0.54,1,6715.43,14654.84
62,Beverton-Holt,sigma,1.0725023850709245,Ricker,1,0.8,1.28,1.002,-6.760114110714072,1.7468285880594026,1.0725023850709245,2927.770892883809,9940,0.54,1,6715.43,14654.84
63,Beverton-Holt,K,9414,Beverton-Holt,9545.85,8250.94,11114.29,1.002,1.4005736137667342,2.462154832573008,0.3054499861823655,2127.497238881012,9414,2.71,0.3,1954.07,9545.85
63,Beverton-Holt,Smsy,2127.497238881012,Beverton-Holt,1954.07,101.55,2964.2,1.003,-8.151702183746599,2.462154832573008,0.3054499861823655,2127.497238881012,9414,2.71,0.3,1954.07,9545.85
63,Beverton-Holt,alpha,2.462154832573008,Beverton-Holt,2.71,1.9,8.91,1.005,10.066189345533088,2.462154832573008,0.3054499861823655,2127.497238881012,9414,2.71,0.3,1954.07,9545.85
63,Beverton-Holt,sigma,0.3054499861823655,Beverton-Holt,0.3,0.23,0.42,1.001,-1.7842482988726265,2.462154832573008,0.3054499861823655,2127.497238881012,9414,2.71,0.3,1954.07,9545.85
63,Beverton-Holt,K,9414,Ricker,9905.06,8913.24,11230.32,NA,5.216273635011679,2.462154832573008,0.3054499861823655,2127.497238881012,9414,1.45,0.34,3955.63,9905.06
63,Beverton-Holt,Smsy,2127.497238881012,Ricker,3955.63,3518.62,4575.46,1.001,85.92879594431442,2.462154832573008,0.3054499861823655,2127.497238881012,9414,1.45,0.34,3955.63,9905.06
63,Beverton-Holt,alpha,2.462154832573008,Ricker,1.45,1.19,1.72,1.002,-41.10849647563728,2.462154832573008,0.3054499861823655,2127.497238881012,9414,1.45,0.34,3955.63,9905.06
63,Beverton-Holt,sigma,0.3054499861823655,Ricker,0.34,0.27,0.46,1.002,11.311185261277702,2.462154832573008,0.3054499861823655,2127.497238881012,9414,1.45,0.34,3955.63,9905.06
64,Beverton-Holt,K,8322,Beverton-Holt,6541.61,4942.11,9849.17,1.008,-21.393775534727233,1.2971420885504514,0.700617647403966,2857.0393136375596,8322,2.38,0.63,1474.58,6541.61
64,Beverton-Holt,Smsy,2857.0393136375596,Beverton-Holt,1474.58,53.23,3664.97,1.005,-48.387829563234945,1.2971420885504514,0.700617647403966,2857.0393136375596,8322,2.38,0.63,1474.58,6541.61
64,Beverton-Holt,alpha,1.2971420885504514,Beverton-Holt,2.38,0.79,9.47,1.004,83.48028492851047,1.2971420885504514,0.700617647403966,2857.0393136375596,8322,2.38,0.63,1474.58,6541.61
64,Beverton-Holt,sigma,0.700617647403966,Beverton-Holt,0.63,0.48,0.84,1.003,-10.079341801570253,1.2971420885504514,0.700617647403966,2857.0393136375596,8322,2.38,0.63,1474.58,6541.61
64,Beverton-Holt,K,8322,Ricker,7415.13,5878.85,9740.2,NA,-10.8972602739726,1.2971420885504514,0.700617647403966,2857.0393136375596,8322,1.05,0.6,3161.69,7415.13
64,Beverton-Holt,Smsy,2857.0393136375596,Ricker,3161.69,2547.19,4283.71,1.001,10.663160458039394,1.2971420885504514,0.700617647403966,2857.0393136375596,8322,1.05,0.6,3161.69,7415.13
64,Beverton-Holt,alpha,1.2971420885504514,Ricker,1.05,0.66,1.49,1.005,-19.052815472715963,1.2971420885504514,0.700617647403966,2857.0393136375596,8322,1.05,0.6,3161.69,7415.13
64,Beverton-Holt,sigma,0.700617647403966,Ricker,0.6,0.47,0.79,1.001,-14.361277906257389,1.2971420885504514,0.700617647403966,2857.0393136375596,8322,1.05,0.6,3161.69,7415.13
